,quadrant,left_pupil,right_pupil,gaze_center,nose_end_points,gaze_direction_points,rotation_vector,translation_Vector
0,3rd,"(595, 365)","(742, 354)","(668, 359)","(679, 472)","(811, 552)","[[-0.02955958]
 [-2.19306341]
 [ 0.64550796]]","[[ -943.29630297]
 [ -365.72952408]
 [-1571.00645022]]"
1,3rd,"(600, 347)","(749, 332)","(674, 339)","(684, 454)","(805, 522)","[[-0.02208572]
 [-2.22302016]
 [ 0.59342758]]","[[ -970.14557897]
 [ -313.84970091]
 [-1589.68405487]]"
2,3rd,"(609, 339)","(754, 331)","(681, 335)","(684, 452)","(800, 519)","[[ 1.95919115e-03]
 [ 3.84158875e+00]
 [-9.90831147e-01]]","[[ -956.97252982]
 [ -301.51868913]
 [-1564.95331252]]"
3,3rd,"(598, 354)","(733, 337)","(665, 345)","(682, 459)","(837, 517)","[[-0.06850517]
 [-2.14352968]
 [ 0.54752248]]","[[ -970.31294544]
 [ -328.59128338]
 [-1593.03793291]]"
4,3rd,"(597, 353)","(740, 336)","(668, 344)","(683, 458)","(1405, 898)","[[-3.0498758 ]
 [ 0.18417872]
 [ 0.23435707]]","[[ 856.37335466]
 [ 294.4095592 ]
 [1390.77896062]]"
5,3rd,"(598, 361)","(732, 342)","(665, 351)","(682, 464)","(848, 529)","[[-0.07018818]
 [-2.11539193]
 [ 0.57062209]]","[[ -970.15172418]
 [ -343.89326847]
 [-1588.20319773]]"
6,3rd,"(592, 354)","(727, 334)","(659, 344)","(678, 458)","(854, 511)","[[-0.07835159]
 [-2.0969868 ]
 [ 0.51910433]]","[[ -953.83864999]
 [ -319.75894241]
 [-1576.9220907 ]]"
7,3rd,"(589, 349)","(726, 330)","(657, 339)","(674, 452)","(832, 507)","[[-0.09415003]
 [-2.14846001]
 [ 0.53481942]]","[[ -942.39831613]
 [ -309.51406267]
 [-1575.76771377]]"
8,3rd,"(587, 337)","(733, 316)","(660, 326)","(671, 440)","(828, 503)","[[-0.06055638]
 [-2.15220723]
 [ 0.53816313]]","[[ -935.55539981]
 [ -281.03629044]
 [-1571.22131372]]"
9,3rd,"(597, 329)","(730, 315)","(663, 322)","(683, 433)","(880, 477)","[[-0.07367767]
 [-2.04937404]
 [ 0.42884445]]","[[ -956.73102127]
 [ -258.55005966]
 [-1558.57909458]]"
10,3rd,"(601, 330)","(749, 318)","(675, 324)","(686, 433)","(885, 477)","[[-0.07447853]
 [-2.04447318]
 [ 0.41924667]]","[[ -956.97945727]
 [ -259.88830952]
 [-1548.10767211]]"
11,3rd,"(621, 313)","(759, 304)","(690, 308)","(707, 416)","(923, 453)","[[-0.0459701 ]
 [-2.00044424]
 [ 0.34123873]]","[[ -994.53987577]
 [ -216.86103211]
 [-1525.05224776]]"
12,3rd,"(623, 309)","(769, 305)","(696, 307)","(707, 414)","(914, 449)","[[-0.0408066 ]
 [-2.02011396]
 [ 0.33241824]]","[[ -995.43275735]
 [ -212.36716772]
 [-1526.96066889]]"
13,3rd,"(626, 285)","(775, 280)","(700, 282)","(717, 388)","(1679, 703)","[[-3.05845792]
 [ 0.12605521]
 [ 0.22280544]]","[[ 892.94526157]
 [ 136.68702733]
 [1330.50729599]]"
14,3rd,"(640, 265)","(779, 248)","(709, 256)","(735, 371)","(895, 424)","[[-0.00848867]
 [-2.12481403]
 [ 0.35944954]]","[[-1001.14604765]
 [  -99.33024094]
 [-1448.48103668]]"
15,3rd,"(679, 255)","(835, 254)","(757, 254)","(772, 361)","(974, 388)","[[-0.01666688]
 [-2.00967122]
 [ 0.2206996 ]]","[[-1110.02699412]
 [  -82.36165609]
 [-1475.36561702]]"
16,3rd,"(711, 262)","(865, 263)","(788, 262)","(808, 369)","(1084, 385)","[[-0.01536773]
 [-1.86090586]
 [ 0.16359108]]","[[-1164.30789955]
 [  -95.25416631]
 [-1431.57047268]]"
17,3rd,"(710, 289)","(864, 289)","(787, 289)","(804, 399)","(1029, 441)","[[ 0.00267005]
 [-1.94529399]
 [ 0.29466343]]","[[-1186.86258795]
 [ -169.80037567]
 [-1473.75641572]]"
18,3rd,"(703, 290)","(858, 288)","(780, 289)","(798, 400)","(1048, 434)","[[-0.03443335]
 [-1.91623136]
 [ 0.27970049]]","[[-1141.72393248]
 [ -166.56195006]
 [-1426.35969599]]"
19,3rd,"(699, 294)","(853, 291)","(776, 292)","(794, 406)","(1016, 455)","[[ 0.00224916]
 [-1.96379566]
 [ 0.33094808]]","[[-1147.10271964]
 [ -183.38097571]
 [-1448.66436112]]"
20,3rd,"(695, 294)","(847, 292)","(771, 293)","(787, 404)","(1027, 449)","[[-0.00290217]
 [-1.93177184]
 [ 0.30690973]]","[[-1135.01838426]
 [ -181.69881496]
 [-1451.64236937]]"
21,3rd,"(684, 285)","(839, 282)","(761, 283)","(773, 395)","(1013, 434)","[[-0.00487388]
 [-1.94008974]
 [ 0.27777366]]","[[-1099.67644592]
 [ -158.58329381]
 [-1444.61830931]]"
22,3rd,"(682, 283)","(836, 275)","(759, 279)","(775, 394)","(1017, 436)","[[-0.00969298]
 [-1.932618  ]
 [ 0.29430368]]","[[-1095.63597564]
 [ -152.55799049]
 [-1440.34412156]]"
23,3rd,"(685, 285)","(836, 278)","(760, 281)","(780, 396)","(1044, 430)","[[-0.02689443]
 [-1.89451525]
 [ 0.2699675 ]]","[[-1095.79473211]
 [ -154.08441204]
 [-1425.06135734]]"
24,3rd,"(685, 278)","(841, 276)","(763, 277)","(779, 389)","(1022, 424)","[[-0.01969789]
 [-1.93354648]
 [ 0.26691112]]","[[-1103.32781954]
 [ -142.19810556]
 [-1436.32110727]]"
25,3rd,"(690, 280)","(844, 280)","(767, 280)","(785, 392)","(1030, 427)","[[-0.00281412]
 [-1.92525229]
 [ 0.25799983]]","[[-1120.86428795]
 [ -149.04513037]
 [-1441.19751062]]"
26,3rd,"(712, 284)","(872, 283)","(792, 283)","(805, 398)","(1058, 440)","[[ 0.00794726]
 [-1.90341861]
 [ 0.27688474]]","[[-1161.90376554]
 [ -161.87529978]
 [-1434.39658311]]"
27,3rd,"(720, 276)","(874, 271)","(797, 273)","(815, 390)","(1113, 420)","[[-0.01899834]
 [-1.83123095]
 [ 0.23030611]]","[[-1166.61719955]
 [ -138.06789875]
 [-1405.69099776]]"
28,3rd,"(724, 254)","(882, 249)","(803, 251)","(822, 368)","(1102, 385)","[[-0.02161404]
 [-1.85977854]
 [ 0.17598591]]","[[-1178.78758707]
 [  -85.6005244 ]
 [-1405.88869   ]]"
29,3rd,"(729, 242)","(888, 237)","(808, 239)","(828, 357)","(1127, 374)","[[-0.01585225]
 [-1.8317155 ]
 [ 0.16128656]]","[[-1176.90707985]
 [  -60.00574244]
 [-1384.30594294]]"
30,3rd,"(736, 241)","(897, 242)","(816, 241)","(832, 355)","(2038, 677)","[[-3.00225665]
 [ 0.06080477]
 [ 0.35519388]]","[[1104.16889085]
 [  63.42047549]
 [1282.08026243]]"
31,3rd,"(730, 247)","(888, 243)","(809, 245)","(828, 363)","(1132, 378)","[[-0.01104757]
 [-1.82473234]
 [ 0.15426753]]","[[-1173.0930614 ]
 [  -72.72404913]
 [-1380.13646905]]"
32,4th,"(737, 240)","(897, 239)","(817, 239)","(833, 355)","(662, 382)","[[-0.05965674]
 [ 3.33322955]
 [-0.35062757]]","[[-1188.39607822]
 [  -70.34415082]
 [-1527.48992542]]"
33,4th,"(732, 257)","(889, 255)","(810, 256)","(829, 375)","(645, 401)","[[ 0.02400759]
 [-2.95871831]
 [ 0.36184502]]","[[-1164.44341251]
 [ -111.79514061]
 [-1521.82704129]]"
34,4th,"(733, 246)","(894, 246)","(813, 246)","(826, 364)","(643, 391)","[[ 0.04598237]
 [-2.95877482]
 [ 0.33182831]]","[[-1146.68236017]
 [  -88.02955499]
 [-1500.65238923]]"
35,3rd,"(724, 276)","(876, 273)","(800, 274)","(814, 386)","(1094, 419)","[[-0.02712425]
 [-1.85445199]
 [ 0.24736093]]","[[-1190.6079148 ]
 [ -135.92783977]
 [-1436.28035121]]"
36,3rd,"(714, 264)","(872, 260)","(793, 262)","(813, 378)","(1102, 404)","[[-0.02064647]
 [-1.84467898]
 [ 0.21775342]]","[[-1169.2097144 ]
 [ -108.60990877]
 [-1414.5397292 ]]"
37,3rd,"(728, 323)","(878, 323)","(803, 323)","(817, 434)","(1094, 487)","[[-0.00429378]
 [-1.84398272]
 [ 0.34321685]]","[[-1232.40893909]
 [ -253.71506042]
 [-1477.47237238]]"
38,3rd,"(721, 320)","(868, 316)","(794, 318)","(811, 430)","(1112, 478)","[[-0.01956668]
 [-1.8146782 ]
 [ 0.32273727]]","[[-1194.40768723]
 [ -237.78883295]
 [-1446.12718648]]"
39,3rd,"(725, 317)","(874, 315)","(799, 316)","(812, 429)","(1090, 485)","[[-0.0041503 ]
 [-1.84568589]
 [ 0.35266017]]","[[-1209.12571121]
 [ -239.68295157]
 [-1466.25548554]]"
40,3rd,"(717, 309)","(871, 309)","(794, 309)","(808, 420)","(1065, 471)","[[ 0.00355368]
 [-1.88376863]
 [ 0.33178244]]","[[-1198.70733181]
 [ -218.25790002]
 [-1468.554819  ]]"
41,3rd,"(716, 310)","(870, 309)","(793, 309)","(808, 421)","(2092, 828)","[[-3.06439313]
 [ 0.06432576]
 [ 0.20473346]]","[[1096.32992166]
 [ 207.69420118]
 [1327.60175131]]"
42,3rd,"(708, 315)","(859, 313)","(783, 314)","(797, 427)","(1021, 481)","[[ 0.00330286]
 [-1.94874468]
 [ 0.37088965]]","[[-1191.3624942 ]
 [ -239.51694852]
 [-1489.77827897]]"
43,4th,"(707, 313)","(859, 313)","(783, 313)","(797, 423)","(647, 442)","[[ 0.06532489]
 [-2.90553982]
 [ 0.41911206]]","[[-1157.89247534]
 [ -241.95091498]
 [-1585.53612772]]"
44,3rd,"(706, 268)","(857, 271)","(781, 269)","(795, 365)","(1571, 498)","[[-3.09493286]
 [ 0.0477577 ]
 [ 0.41163053]]","[[1103.70810449]
 [ 101.67256566]
 [1383.51142644]]"
45,2nd,"(704, 207)","(851, 209)","(777, 208)","(790, 288)","(1457, 276)","[[-3.08369592]
 [ 0.00476176]
 [ 0.40721346]]","[[1131.88815451]
 [ -58.96091614]
 [1441.46217793]]"
46,2nd,"(690, 204)","(835, 206)","(762, 205)","(773, 285)","(1384, 257)","[[-3.08506693]
 [-0.01441553]
 [ 0.44152704]]","[[1084.78699285]
 [ -64.92721333]
 [1428.65067182]]"
47,2nd,"(694, 208)","(841, 209)","(767, 208)","(779, 288)","(1495, 240)","[[-3.11067279]
 [ 0.0098816 ]
 [ 0.39528481]]","[[1090.50833229]
 [ -57.54063605]
 [1412.03045764]]"
48,2nd,"(697, 209)","(844, 211)","(770, 210)","(783, 292)","(1541, 255)","[[-3.10612283e+00]
 [ 2.13002988e-03]
 [ 3.90251497e-01]]","[[1087.17975703]
 [ -49.74338514]
 [1395.9097091 ]]"
49,2nd,"(703, 217)","(852, 218)","(777, 217)","(790, 300)","(1585, 280)","[[-3.10902633]
 [ 0.01554792]
 [ 0.36337101]]","[[1113.1401955 ]
 [ -34.40020145]
 [1406.21594276]]"
50,3rd,"(707, 205)","(857, 207)","(782, 206)","(794, 290)","(1608, 298)","[[-3.07673586]
 [ 0.0035406 ]
 [ 0.3572576 ]]","[[1112.93624414]
 [ -53.53447109]
 [1398.68868949]]"
51,2nd,"(715, 182)","(866, 185)","(790, 183)","(802, 268)","(1694, 239)","[[-3.06617239]
 [ 0.00962295]
 [ 0.32886963]]","[[1132.59574486]
 [-106.52151426]
 [1392.194218  ]]"
52,2nd,"(722, 179)","(874, 182)","(798, 180)","(809, 268)","(1766, 218)","[[-3.07363403]
 [ 0.01018364]
 [ 0.33897246]]","[[1130.23344936]
 [-108.63247171]
 [1367.13112057]]"
53,3rd,"(718, 191)","(869, 194)","(793, 192)","(805, 281)","(1968, 281)","[[-3.07610678]
 [ 0.00775609]
 [ 0.22592657]]","[[1115.09512191]
 [ -75.30003562]
 [1353.36364143]]"
54,2nd,"(711, 200)","(860, 207)","(785, 203)","(800, 294)","(1937, 291)","[[-3.0876562 ]
 [-0.01227144]
 [ 0.28563465]]","[[1074.50887892]
 [ -51.5498125 ]
 [1324.82689026]]"
55,3rd,"(718, 231)","(867, 235)","(792, 233)","(810, 326)","(2057, 441)","[[-3.08485198e+00]
 [ 1.80187017e-04]
 [ 2.06190257e-01]]","[[1113.77715167]
 [  22.57773111]
 [1341.21554484]]"
56,3rd,"(720, 246)","(872, 247)","(796, 246)","(815, 341)","(1995, 444)","[[-3.10615768]
 [ 0.03299051]
 [ 0.26882212]]","[[1115.86475569]
 [  48.84384541]
 [1335.61415587]]"
57,3rd,"(730, 244)","(881, 247)","(805, 245)","(824, 340)","(1933, 431)","[[-3.10359991]
 [ 0.01416929]
 [ 0.2930295 ]]","[[1149.31116771]
 [  45.75805681]
 [1353.08524666]]"
58,3rd,"(733, 243)","(883, 247)","(808, 245)","(827, 342)","(2063, 498)","[[-3.07544968]
 [ 0.0157838 ]
 [ 0.23301433]]","[[1152.39461566]
 [  48.8295015 ]
 [1344.6276997 ]]"
59,3rd,"(737, 238)","(889, 240)","(813, 239)","(831, 335)","(2017, 442)","[[-3.09135085]
 [ 0.01585179]
 [ 0.28818962]]","[[1151.39237593]
 [  36.23781887]
 [1336.55997764]]"
60,3rd,"(734, 218)","(886, 218)","(810, 218)","(827, 314)","(2003, 380)","[[-3.07976729]
 [ 0.04071755]
 [ 0.29143998]]","[[1142.75907839]
 [ -11.85401115]
 [1334.52159638]]"
61,3rd,"(738, 246)","(890, 248)","(814, 247)","(833, 343)","(1933, 475)","[[-3.08329276]
 [ 0.02099598]
 [ 0.3055974 ]]","[[1168.27893932]
 [  53.54094769]
 [1354.603118  ]]"
62,3rd,"(751, 248)","(903, 249)","(827, 248)","(846, 344)","(2107, 451)","[[-3.10731497]
 [ 0.02715783]
 [ 0.24521772]]","[[1200.20099165]
 [  54.95494515]
 [1350.7283325 ]]"
63,3rd,"(741, 247)","(891, 246)","(816, 246)","(835, 342)","(1937, 483)","[[-3.07752404]
 [ 0.04889567]
 [ 0.29387137]]","[[1184.68860294]
 [  52.41116227]
 [1363.90456302]]"
64,3rd,"(742, 246)","(889, 247)","(815, 246)","(831, 344)","(2107, 497)","[[-3.0832113 ]
 [ 0.03759229]
 [ 0.25617751]]","[[1149.16630849]
 [  52.03314803]
 [1327.98901327]]"
65,3rd,"(738, 256)","(888, 257)","(813, 256)","(830, 353)","(2068, 503)","[[-3.09910048]
 [ 0.02052633]
 [ 0.24020978]]","[[1161.85103359]
 [  75.5889054 ]
 [1346.22273839]]"
66,3rd,"(733, 267)","(885, 271)","(809, 269)","(825, 365)","(1842, 519)","[[-3.09935855e+00]
 [-7.07303591e-04]
 [ 3.46559284e-01]]","[[1151.57398899]
 [ 103.11688651]
 [1355.17847802]]"
67,3rd,"(761, 239)","(915, 245)","(838, 242)","(853, 339)","(2152, 469)","[[-3.08729629]
 [-0.03642674]
 [ 0.24490377]]","[[1211.70536408]
 [  47.30346609]
 [1344.444516  ]]"
68,3rd,"(745, 197)","(895, 204)","(820, 200)","(835, 302)","(2385, 418)","[[-3.04706244e+00]
 [-9.06083024e-04]
 [ 1.93442914e-01]]","[[1126.07051995]
 [ -36.77853198]
 [1289.46631846]]"
69,3rd,"(749, 212)","(903, 220)","(826, 216)","(842, 319)","(2480, 509)","[[-3.04011907]
 [-0.02996133]
 [ 0.1903781 ]]","[[1126.85165662]
 [  -2.69217022]
 [1276.36613766]]"
70,4th,"(756, 216)","(910, 224)","(833, 220)","(847, 324)","(628, 360)","[[ 0.05400026]
 [-3.05389833]
 [ 0.27192617]]","[[-1189.28019374]
 [  -15.86435966]
 [-1515.85037094]]"
71,3rd,"(738, 235)","(892, 241)","(815, 238)","(826, 338)","(2226, 508)","[[-3.07025363]
 [-0.01582511]
 [ 0.17498069]]","[[1143.64596814]
 [  39.97596397]
 [1327.57740733]]"
72,3rd,"(745, 233)","(895, 241)","(820, 237)","(838, 338)","(2444, 499)","[[-3.08271959]
 [-0.01426682]
 [ 0.13743207]]","[[1147.19301865]
 [  37.41298782]
 [1304.64851403]]"
73,3rd,"(732, 242)","(881, 251)","(806, 246)","(825, 345)","(2443, 508)","[[-3.09568644]
 [-0.01134916]
 [ 0.12243437]]","[[1115.2594694 ]
 [  52.4165271 ]
 [1299.85358892]]"
74,3rd,"(749, 226)","(897, 233)","(823, 229)","(837, 329)","(2139, 473)","[[-3.06458159]
 [-0.0119246 ]
 [ 0.22484715]]","[[1174.6363702 ]
 [  22.86950698]
 [1338.75314082]]"
75,3rd,"(742, 230)","(888, 238)","(815, 234)","(830, 334)","(2076, 471)","[[-3.07267168]
 [-0.00537496]
 [ 0.25242988]]","[[1149.55521317]
 [  31.04278439]
 [1334.2815187 ]]"
76,3rd,"(736, 229)","(880, 237)","(808, 233)","(825, 334)","(2265, 528)","[[-3.05441468]
 [-0.02136317]
 [ 0.12724901]]","[[1144.63435844]
 [  33.65543149]
 [1332.54368577]]"
77,3rd,"(733, 219)","(883, 225)","(808, 222)","(826, 324)","(2155, 469)","[[-3.05742389e+00]
 [ 1.14582613e-03]
 [ 2.28416898e-01]]","[[1131.11131567]
 [   8.21994483]
 [1319.28854098]]"
78,3rd,"(718, 231)","(865, 236)","(791, 233)","(807, 337)","(2339, 510)","[[-3.07327321]
 [-0.01103138]
 [ 0.12044119]]","[[1089.49701874]
 [  33.20090594]
 [1306.52740749]]"
79,4th,"(726, 214)","(872, 209)","(799, 211)","(820, 319)","(596, 351)","[[-0.0162384 ]
 [-3.10837248]
 [ 0.23410973]]","[[-1092.65857322]
 [   -4.47011999]
 [-1467.80884141]]"
80,3rd,"(703, 229)","(847, 228)","(775, 228)","(782, 330)","(1512, 482)","[[-3.02382676]
 [ 0.04668715]
 [ 0.41804294]]","[[1080.63497082]
 [  22.86802007]
 [1381.22186868]]"
81,3rd,"(709, 217)","(857, 214)","(783, 215)","(783, 318)","(1694, 333)","[[-3.09641233]
 [-0.01840136]
 [ 0.42093145]]","[[1042.2725562 ]
 [  -3.02932977]
 [1314.2358875 ]]"
82,4th,"(700, 213)","(845, 211)","(772, 212)","(769, 315)","(289, 418)","[[-2.39785896]
 [ 0.14760661]
 [ 1.79387521]]","[[ 905.70628858]
 [   7.46754145]
 [1345.0146354 ]]"
83,4th,"(692, 200)","(834, 196)","(763, 198)","(752, 293)","(319, 368)","[[-2.46888806]
 [ 0.07783857]
 [ 1.70549908]]","[[ 937.95598644]
 [ -47.00742022]
 [1424.6848668 ]]"
84,4th,"(692, 184)","(831, 180)","(761, 182)","(741, 272)","(382, 358)","[[-2.55973761]
 [ 0.07152291]
 [ 1.51753415]]","[[ 979.31815253]
 [ -92.15928714]
 [1477.81987166]]"
85,4th,"(692, 192)","(830, 185)","(761, 188)","(734, 272)","(381, 316)","[[-2.60857673]
 [ 0.03672276]
 [ 1.54739706]]","[[ 988.95318396]
 [ -98.76501704]
 [1514.56134272]]"
86,4th,"(671, 201)","(790, 194)","(730, 197)","(702, 289)","(276, 368)","[[-2.40388706]
 [ 0.09606326]
 [ 1.76130918]]","[[ 873.95855989]
 [ -61.28512864]
 [1462.87422374]]"
87,4th,"(669, 194)","(799, 183)","(734, 188)","(710, 279)","(301, 369)","[[-2.46465015]
 [ 0.12389844]
 [ 1.6690861 ]]","[[ 894.10258593]
 [ -79.86327834]
 [1465.54280712]]"
88,4th,"(656, 185)","(787, 173)","(721, 179)","(698, 271)","(297, 370)","[[-2.4979448 ]
 [ 0.09772856]
 [ 1.56922335]]","[[ 861.52393225]
 [ -99.83811489]
 [1441.81634985]]"
89,4th,"(659, 193)","(794, 179)","(726, 186)","(702, 279)","(270, 373)","[[-2.45871963]
 [ 0.14383383]
 [ 1.68619827]]","[[ 846.109293  ]
 [ -77.59085851]
 [1421.78423876]]"
90,4th,"(644, 221)","(775, 204)","(709, 212)","(688, 305)","(257, 379)","[[-2.53508717]
 [ 0.16577264]
 [ 1.68309987]]","[[ 819.621338  ]
 [ -26.65798416]
 [1432.38674496]]"
91,4th,"(647, 215)","(775, 198)","(711, 206)","(690, 303)","(252, 380)","[[-2.52067006]
 [ 0.1738676 ]
 [ 1.69323712]]","[[ 815.08599512]
 [ -33.09933659]
 [1420.10140415]]"
92,4th,"(658, 208)","(788, 193)","(723, 200)","(702, 303)","(269, 434)","[[-2.47541071]
 [ 0.21108114]
 [ 1.61584828]]","[[ 822.79679239]
 [ -31.54626195]
 [1386.74132601]]"
93,4th,"(646, 217)","(791, 199)","(718, 208)","(711, 307)","(378, 476)","[[-2.63834956]
 [ 0.27147333]
 [ 1.33516306]]","[[ 863.09350185]
 [ -20.25810348]
 [1397.07996232]]"
94,4th,"(672, 210)","(817, 189)","(744, 199)","(729, 297)","(358, 415)","[[-2.61807887]
 [ 0.21683938]
 [ 1.46520066]]","[[ 898.91440403]
 [ -42.99619628]
 [1388.89265079]]"
95,4th,"(681, 207)","(818, 190)","(749, 198)","(731, 304)","(296, 414)","[[-2.45602239]
 [ 0.19390264]
 [ 1.67524166]]","[[ 884.18902282]
 [ -38.28293316]
 [1385.69671421]]"
96,4th,"(686, 216)","(818, 201)","(752, 208)","(732, 309)","(298, 386)","[[-2.46369664]
 [ 0.17129381]
 [ 1.75797928]]","[[ 909.48464336]
 [ -23.70934794]
 [1426.38469244]]"
97,4th,"(678, 215)","(813, 196)","(745, 205)","(729, 313)","(296, 422)","[[-2.4853379 ]
 [ 0.21323617]
 [ 1.65980111]]","[[ 878.2108402 ]
 [ -21.59428551]
 [1382.22373103]]"
98,4th,"(676, 214)","(812, 199)","(744, 206)","(724, 310)","(288, 406)","[[-2.46500653]
 [ 0.18369904]
 [ 1.70687936]]","[[ 878.66992657]
 [ -23.69358932]
 [1403.04363498]]"
99,4th,"(668, 202)","(814, 184)","(741, 193)","(731, 305)","(299, 463)","[[-2.51288288]
 [ 0.25233961]
 [ 1.53855184]]","[[ 842.73621142]
 [ -33.25374439]
 [1315.04038202]]"
100,4th,"(682, 214)","(814, 196)","(748, 205)","(729, 312)","(273, 382)","[[-2.43395796]
 [ 0.1725785 ]
 [ 1.81253147]]","[[ 877.5555779 ]
 [ -24.63794661]
 [1402.40483503]]"
101,4th,"(678, 208)","(802, 191)","(740, 199)","(719, 308)","(505, 317)","[[ 0.13350678]
 [ 2.98096208]
 [-0.08779287]]","[[ -902.03866456]
 [   45.91325852]
 [-1442.99276   ]]"
102,4th,"(662, 209)","(794, 187)","(728, 198)","(710, 308)","(236, 409)","[[-2.48229295]
 [ 0.19833187]
 [ 1.69079716]]","[[ 798.28780637]
 [ -33.79016046]
 [1318.50389052]]"
103,4th,"(641, 212)","(763, 202)","(702, 207)","(665, 309)","(209, 399)","[[-2.35477953]
 [ 0.14335474]
 [ 1.82077755]]","[[ 762.43049036]
 [ -25.58470294]
 [1393.7206624 ]]"
104,4th,"(651, 201)","(765, 193)","(708, 197)","(670, 304)","(477, 306)","[[-0.06594057]
 [-3.3303068 ]
 [ 0.05751951]]","[[ -839.02755244]
 [   60.5390401 ]
 [-1483.58892188]]"
105,4th,"(666, 207)","(794, 193)","(730, 200)","(711, 299)","(282, 410)","[[-2.42935095]
 [ 0.20968641]
 [ 1.71146394]]","[[ 867.27118198]
 [ -40.1659559 ]
 [1429.48980088]]"
106,3rd,"(686, 204)","(830, 190)","(758, 197)","(755, 291)","(843, 312)","[[-2.97503731]
 [ 0.07863232]
 [ 0.8413482 ]]","[[1034.65045759]
 [ -60.87039652]
 [1453.95215562]]"
107,3rd,"(684, 210)","(833, 191)","(758, 200)","(776, 293)","(2230, 326)","[[-3.07008677]
 [ 0.21945497]
 [ 0.0368775 ]]","[[1037.86467255]
 [ -57.36195452]
 [1329.57793247]]"
108,3rd,"(696, 203)","(842, 189)","(769, 196)","(785, 285)","(1660, 318)","[[-3.05493697]
 [ 0.18748915]
 [ 0.2937362 ]]","[[1109.18923721]
 [ -74.14878808]
 [1407.6451147 ]]"
109,3rd,"(693, 200)","(837, 187)","(765, 193)","(778, 282)","(1759, 317)","[[-3.05439024]
 [ 0.17999425]
 [ 0.25701392]]","[[1070.41972688]
 [ -77.112722  ]
 [1375.80619189]]"
110,3rd,"(676, 206)","(821, 193)","(748, 199)","(752, 286)","(1010, 331)","[[-2.99679883]
 [ 0.16631232]
 [ 0.67980482]]","[[1048.25044321]
 [ -69.54426386]
 [1457.26564891]]"
111,4th,"(666, 206)","(813, 189)","(739, 197)","(742, 287)","(696, 376)","[[-2.88297375]
 [ 0.20860441]
 [ 0.97059224]]","[[ 996.87910187]
 [ -63.6855302 ]
 [1448.83929057]]"
112,3rd,"(671, 204)","(809, 190)","(740, 197)","(742, 288)","(1205, 347)","[[-3.01614892]
 [ 0.17749564]
 [ 0.51656868]]","[[1005.80082933]
 [ -67.79926843]
 [1415.41830301]]"
113,3rd,"(671, 203)","(810, 185)","(740, 194)","(740, 282)","(1021, 325)","[[-3.00288295]
 [ 0.19083085]
 [ 0.64349644]]","[[1019.77531887]
 [ -77.50957632]
 [1453.72118365]]"
114,3rd,"(669, 203)","(808, 190)","(738, 196)","(736, 287)","(790, 348)","[[-2.94187909]
 [ 0.1903979 ]
 [ 0.8557993 ]]","[[1003.65741627]
 [ -67.94768029]
 [1462.5535775 ]]"
115,3rd,"(659, 207)","(807, 193)","(733, 200)","(734, 291)","(786, 387)","[[-2.91949522]
 [ 0.19398723]
 [ 0.84997274]]","[[ 977.59747053]
 [ -55.22328636]
 [1434.0680318 ]]"
116,3rd,"(659, 211)","(803, 195)","(731, 203)","(734, 293)","(792, 373)","[[-2.93759472]
 [ 0.19353615]
 [ 0.84071673]]","[[ 991.41903259]
 [ -51.27211273]
 [1458.41837874]]"
117,3rd,"(660, 212)","(806, 196)","(733, 204)","(737, 294)","(952, 393)","[[-2.95793196]
 [ 0.21334956]
 [ 0.6930325 ]]","[[1004.8853968 ]
 [ -52.29592806]
 [1449.64334996]]"
118,3rd,"(661, 211)","(805, 195)","(733, 203)","(736, 293)","(1050, 400)","[[-2.97259326]
 [ 0.17818231]
 [ 0.60250294]]","[[1000.64542704]
 [ -50.53257808]
 [1440.99557731]]"
119,3rd,"(654, 211)","(799, 193)","(726, 202)","(728, 291)","(773, 370)","[[-2.93186217]
 [ 0.2215929 ]
 [ 0.84584939]]","[[ 995.95601244]
 [ -59.34420027]
 [1485.63344422]]"
120,4th,"(659, 209)","(795, 190)","(727, 199)","(721, 292)","(396, 374)","[[-2.69483414]
 [ 0.227659  ]
 [ 1.42174799]]","[[ 937.40723598]
 [ -53.4421991 ]
 [1492.83644132]]"
121,4th,"(660, 205)","(798, 190)","(729, 197)","(724, 289)","(424, 380)","[[-2.6866328 ]
 [ 0.16034716]
 [ 1.35871901]]","[[ 956.78203648]
 [ -60.47312658]
 [1500.23922896]]"
122,4th,"(659, 206)","(797, 190)","(728, 198)","(726, 292)","(601, 401)","[[-2.83427373]
 [ 0.21130938]
 [ 1.03784982]]","[[ 949.03539536]
 [ -58.0997938 ]
 [1444.04190979]]"
123,4th,"(656, 206)","(798, 189)","(727, 197)","(726, 290)","(705, 372)","[[-2.91025123]
 [ 0.21533662]
 [ 0.91749134]]","[[ 960.29096627]
 [ -60.2327485 ]
 [1446.62604592]]"
124,3rd,"(650, 207)","(794, 191)","(722, 199)","(721, 293)","(1262, 400)","[[-3.00209463]
 [ 0.13935663]
 [ 0.43169516]]","[[ 951.39658852]
 [ -54.40110127]
 [1398.78515638]]"
125,3rd,"(645, 211)","(791, 193)","(718, 202)","(722, 294)","(1128, 393)","[[-2.99205081]
 [ 0.20966964]
 [ 0.49630498]]","[[ 982.17768106]
 [ -55.76169065]
 [1453.56739623]]"
126,3rd,"(647, 213)","(788, 196)","(717, 204)","(719, 296)","(1274, 404)","[[-3.00827579]
 [ 0.19763518]
 [ 0.40484445]]","[[ 959.39886305]
 [ -48.46101317]
 [1416.52638266]]"
127,3rd,"(642, 214)","(786, 195)","(714, 204)","(718, 295)","(1250, 412)","[[-2.99900581]
 [ 0.17089391]
 [ 0.40969872]]","[[ 960.94440366]
 [ -49.05027906]
 [1424.19852406]]"
128,3rd,"(639, 212)","(786, 191)","(712, 201)","(718, 293)","(870, 395)","[[-2.95403297]
 [ 0.25642041]
 [ 0.73050089]]","[[ 935.33949791]
 [ -53.48011851]
 [1420.33768569]]"
129,4th,"(601, 214)","(762, 187)","(681, 200)","(695, 296)","(309, 420)","[[-2.66060126]
 [ 0.28844488]
 [ 1.41871083]]","[[ 805.78870093]
 [ -44.96055828]
 [1380.41133204]]"
130,4th,"(607, 239)","(765, 247)","(686, 243)","(676, 322)","(539, 358)","[[-0.04309145]
 [ 3.1803221 ]
 [-0.26469859]]","[[ -920.609153  ]
 [  -29.27204644]
 [-1676.22156016]]"
131,4th,"(601, 232)","(741, 197)","(671, 214)","(674, 319)","(454, 344)","[[-0.35516159]
 [-3.35662336]
 [ 0.17325409]]","[[ -766.22003511]
 [    4.16875665]
 [-1425.3783529 ]]"
132,4th,"(616, 230)","(742, 197)","(679, 213)","(679, 309)","(478, 322)","[[-0.28918227]
 [-3.29888859]
 [ 0.07476524]]","[[ -829.37902663]
 [   20.485284  ]
 [-1512.32062843]]"
133,4th,"(616, 232)","(748, 201)","(682, 216)","(683, 311)","(272, 422)","[[-2.5949829 ]
 [ 0.29511402]
 [ 1.57388684]]","[[ 803.65667858]
 [  -2.9908787 ]
 [1462.55579488]]"
134,4th,"(620, 234)","(748, 205)","(684, 219)","(685, 312)","(246, 416)","[[-2.55873787]
 [ 0.31596898]
 [ 1.66984892]]","[[ 787.52931324]
 [   1.4954312 ]
 [1440.0599356 ]]"
135,4th,"(624, 234)","(751, 207)","(687, 220)","(676, 316)","(231, 403)","[[-2.52569151]
 [ 0.22825806]
 [ 1.71126618]]","[[ 777.34613908]
 [   4.96260586]
 [1438.49216389]]"
136,4th,"(635, 226)","(755, 212)","(695, 219)","(670, 310)","(254, 369)","[[-2.53251971]
 [ 0.1306603 ]
 [ 1.70210613]]","[[ 815.44150963]
 [ -18.06845677]
 [1486.62653251]]"
137,4th,"(630, 217)","(758, 214)","(694, 215)","(667, 309)","(247, 410)","[[-2.51464128]
 [ 0.07274534]
 [ 1.56981348]]","[[ 782.68058243]
 [ -16.85371178]
 [1431.18765753]]"
138,4th,"(644, 210)","(760, 207)","(702, 208)","(667, 310)","(230, 433)","[[-2.45276737]
 [ 0.0845686 ]
 [ 1.57884011]]","[[ 760.53351474]
 [ -23.98699736]
 [1391.87346278]]"
139,4th,"(636, 212)","(764, 209)","(700, 210)","(674, 306)","(248, 413)","[[-2.46605858]
 [ 0.09266979]
 [ 1.61337153]]","[[ 793.6502071 ]
 [ -25.1378058 ]
 [1433.88027102]]"
140,4th,"(625, 212)","(765, 210)","(695, 211)","(673, 310)","(273, 466)","[[-2.53303088]
 [ 0.09421815]
 [ 1.42023868]]","[[ 777.86222917]
 [ -15.8921669 ]
 [1390.74614826]]"
141,4th,"(625, 221)","(762, 214)","(693, 217)","(671, 314)","(299, 451)","[[-2.60473244]
 [ 0.10927665]
 [ 1.37824938]]","[[ 793.23198402]
 [  -9.38662788]
 [1418.82463392]]"
142,4th,"(634, 222)","(755, 215)","(694, 218)","(669, 313)","(242, 402)","[[-2.46641851]
 [ 0.10469367]
 [ 1.67675428]]","[[ 794.55204317]
 [ -10.93027669]
 [1456.37115605]]"
143,4th,"(627, 214)","(763, 209)","(695, 211)","(673, 306)","(274, 453)","[[-2.52138797]
 [ 0.12929288]
 [ 1.47244443]]","[[ 791.61943349]
 [ -19.1755649 ]
 [1412.88178446]]"
144,4th,"(621, 215)","(765, 206)","(693, 210)","(674, 309)","(290, 479)","[[-2.57596595]
 [ 0.1571037 ]
 [ 1.37481344]]","[[ 777.93312164]
 [ -16.35338968]
 [1377.4031506 ]]"
145,4th,"(627, 220)","(755, 209)","(691, 214)","(669, 314)","(248, 435)","[[-2.52387452]
 [ 0.15230295]
 [ 1.54791296]]","[[ 773.89947457]
 [ -12.51522891]
 [1412.78379381]]"
146,4th,"(626, 228)","(742, 214)","(684, 221)","(657, 317)","(459, 321)","[[-0.11416107]
 [-3.37706054]
 [ 0.07967651]]","[[ -825.29873867]
 [   18.67847938]
 [-1535.38836383]]"
147,4th,"(602, 231)","(712, 221)","(657, 226)","(624, 324)","(183, 419)","[[-2.45035566]
 [ 0.1560538 ]
 [ 1.70993139]]","[[ 694.64820559]
 [   7.51420085]
 [1444.31935706]]"
148,4th,"(595, 229)","(706, 220)","(650, 224)","(615, 322)","(164, 420)","[[-2.4173697 ]
 [ 0.15528145]
 [ 1.74410527]]","[[ 668.4275197 ]
 [   5.74275942]
 [1424.33517148]]"
149,4th,"(595, 231)","(713, 219)","(654, 225)","(623, 322)","(187, 411)","[[-2.50375732]
 [ 0.15460141]
 [ 1.66311212]]","[[ 696.64528941]
 [   3.12365275]
 [1447.21320967]]"
150,4th,"(607, 234)","(738, 216)","(672, 225)","(655, 319)","(277, 454)","[[-2.60859257]
 [ 0.22743528]
 [ 1.43687898]]","[[ 771.63503506]
 [   1.69144071]
 [1449.42403538]]"
151,4th,"(633, 230)","(770, 206)","(701, 218)","(700, 307)","(345, 379)","[[-2.71846435]
 [ 0.25565324]
 [ 1.46346139]]","[[ 874.18096463]
 [ -18.1641495 ]
 [1472.43171899]]"
152,3rd,"(648, 216)","(787, 200)","(717, 208)","(729, 294)","(858, 355)","[[-2.97606271]
 [ 0.20134687]
 [ 0.75248556]]","[[1020.366541  ]
 [ -51.46409374]
 [1510.25339484]]"
153,3rd,"(662, 218)","(803, 203)","(732, 210)","(756, 292)","(1603, 355)","[[-3.05288517]
 [ 0.20590089]
 [ 0.20265535]]","[[1057.69156281]
 [ -52.59138508]
 [1439.46784642]]"
154,2nd,"(674, 215)","(810, 205)","(742, 210)","(769, 286)","(1584, 271)","[[-3.10289914]
 [ 0.1603236 ]
 [ 0.22298672]]","[[1107.74199583]
 [ -65.01676789]
 [1464.39216075]]"
155,3rd,"(677, 212)","(810, 203)","(743, 207)","(770, 282)","(1359, 290)","[[-3.07031214]
 [ 0.14494183]
 [ 0.39408712]]","[[1126.86028572]
 [ -72.69854503]
 [1490.49617026]]"
156,2nd,"(680, 208)","(810, 197)","(745, 202)","(773, 279)","(1558, 271)","[[-3.08574209]
 [ 0.18513707]
 [ 0.23954048]]","[[1125.69628563]
 [ -82.02842176]
 [1475.87794507]]"
157,2nd,"(674, 207)","(809, 196)","(741, 201)","(770, 280)","(1594, 267)","[[-3.08570001]
 [ 0.19601309]
 [ 0.26528238]]","[[1089.00906309]
 [ -81.43135037]
 [1433.83539911]]"
158,2nd,"(669, 211)","(807, 201)","(738, 206)","(765, 283)","(1562, 245)","[[-3.1109267 ]
 [ 0.17424961]
 [ 0.26452637]]","[[1074.64079505]
 [ -72.73886587]
 [1438.99614024]]"
159,3rd,"(664, 216)","(796, 207)","(730, 211)","(757, 291)","(1845, 307)","[[-3.08956224]
 [ 0.1738554 ]
 [ 0.07235719]]","[[1041.56490377]
 [ -51.76534857]
 [1404.53158173]]"
160,2nd,"(662, 218)","(798, 208)","(730, 213)","(756, 294)","(1565, 277)","[[-3.11021505]
 [ 0.21256612]
 [ 0.25287843]]","[[1049.65923688]
 [ -49.97801756]
 [1430.76868009]]"
161,2nd,"(661, 217)","(797, 206)","(729, 211)","(755, 292)","(1590, 275)","[[-3.10831431]
 [ 0.20934874]
 [ 0.23811519]]","[[1044.40457051]
 [ -53.36986302]
 [1425.41825882]]"
162,2nd,"(662, 219)","(797, 207)","(729, 213)","(754, 296)","(1531, 279)","[[-3.11392362]
 [ 0.19807878]
 [ 0.26784117]]","[[1049.14580153]
 [ -44.82667527]
 [1436.4427538 ]]"
163,3rd,"(658, 222)","(793, 210)","(725, 216)","(749, 301)","(1667, 306)","[[-3.10118395]
 [ 0.21440909]
 [ 0.17588901]]","[[1032.41848534]
 [ -39.68672515]
 [1418.42966377]]"
164,3rd,"(657, 226)","(796, 212)","(726, 219)","(750, 302)","(1644, 318)","[[-3.09920305]
 [ 0.1936173 ]
 [ 0.17872803]]","[[1038.56835577]
 [ -34.22282153]
 [1427.56943314]]"
165,3rd,"(658, 231)","(799, 216)","(728, 223)","(749, 306)","(1429, 327)","[[-3.09878758]
 [ 0.18901508]
 [ 0.30451872]]","[[1056.68570758]
 [ -22.46083664]
 [1464.07140166]]"
166,3rd,"(657, 233)","(795, 218)","(726, 225)","(747, 308)","(1426, 349)","[[-3.08662326]
 [ 0.18537757]
 [ 0.32069324]]","[[1041.24783905]
 [ -16.91574234]
 [1448.72819027]]"
167,3rd,"(652, 241)","(791, 224)","(721, 232)","(741, 314)","(1249, 355)","[[-3.08421471]
 [ 0.22090659]
 [ 0.43547339]]","[[1034.08924704]
 [  -3.90768531]
 [1468.01375277]]"
168,3rd,"(655, 241)","(790, 227)","(722, 234)","(741, 318)","(1261, 374)","[[-3.07636801]
 [ 0.18940793]
 [ 0.42358211]]","[[1031.46380434]
 [   3.1690886 ]
 [1465.67615941]]"
169,3rd,"(652, 236)","(787, 222)","(719, 229)","(741, 315)","(1345, 357)","[[-3.08764618]
 [ 0.21684251]
 [ 0.39260853]]","[[1014.89968012]
 [  -5.15382757]
 [1432.50646287]]"
170,3rd,"(653, 229)","(786, 204)","(719, 216)","(742, 311)","(1538, 401)","[[-3.05569208]
 [ 0.24084609]
 [ 0.31035105]]","[[ 988.80094911]
 [ -18.41700909]
 [1382.5354259 ]]"
171,3rd,"(650, 236)","(786, 221)","(718, 228)","(737, 316)","(1389, 406)","[[-3.05897004]
 [ 0.19816014]
 [ 0.31787778]]","[[ 1.02839960e+03]
 [-2.23136949e-01]
 [ 1.45721038e+03]]"
172,3rd,"(650, 238)","(782, 216)","(716, 227)","(737, 321)","(1468, 437)","[[-3.04757526]
 [ 0.24801542]
 [ 0.29671078]]","[[1003.95654258]
 [   3.81775984]
 [1421.44130828]]"
173,3rd,"(647, 238)","(782, 217)","(714, 227)","(732, 320)","(1283, 456)","[[-3.02341008]
 [ 0.24012133]
 [ 0.42594417]]","[[ 986.75598477]
 [   6.9419984 ]
 [1420.80461323]]"
174,3rd,"(649, 235)","(784, 222)","(716, 228)","(732, 317)","(1343, 371)","[[-3.08042209]
 [ 0.19606673]
 [ 0.3484377 ]]","[[1023.44687114]
 [  -3.5728891 ]
 [1461.19492543]]"
175,4th,"(651, 243)","(785, 224)","(718, 233)","(736, 321)","(575, 356)","[[ 0.21009487]
 [ 3.16843958]
 [-0.26926535]]","[[-1050.70436627]
 [  -20.77975464]
 [-1650.31023126]]"
176,3rd,"(652, 231)","(785, 205)","(718, 218)","(738, 313)","(1397, 424)","[[-3.03729467]
 [ 0.24733701]
 [ 0.36796278]]","[[ 997.16093602]
 [ -11.5451364 ]
 [1409.82347349]]"
177,3rd,"(647, 238)","(784, 220)","(715, 229)","(733, 315)","(1243, 363)","[[-3.07844306]
 [ 0.23411647]
 [ 0.42333287]]","[[1023.89270921]
 [  -4.18192009]
 [1471.16753478]]"
178,3rd,"(647, 240)","(780, 223)","(713, 231)","(730, 319)","(1259, 378)","[[-3.07556624]
 [ 0.23445906]
 [ 0.40259575]]","[[1022.51734952]
 [   3.57830029]
 [1473.28578664]]"
179,3rd,"(645, 239)","(778, 216)","(711, 227)","(725, 321)","(1041, 448)","[[-2.9949486 ]
 [ 0.24584716]
 [ 0.58109302]]","[[ 983.61849035]
 [   6.19571715]
 [1455.43979225]]"
180,3rd,"(644, 240)","(778, 214)","(711, 227)","(730, 319)","(1216, 449)","[[-3.01813214]
 [ 0.26114746]
 [ 0.45590758]]","[[ 995.74150828]
 [   5.41985385]
 [1443.15407013]]"
181,3rd,"(645, 244)","(780, 226)","(712, 235)","(728, 324)","(1072, 426)","[[-3.0264994 ]
 [ 0.21337362]
 [ 0.55630828]]","[[1003.2275912 ]
 [  17.60771401]
 [1470.88088529]]"
182,3rd,"(645, 241)","(778, 219)","(711, 230)","(728, 324)","(1517, 437)","[[-3.0605374 ]
 [ 0.23496102]
 [ 0.25538657]]","[[ 977.37946517]
 [  11.36404963]
 [1408.43690919]]"
183,3rd,"(645, 243)","(779, 225)","(712, 234)","(728, 321)","(1087, 418)","[[-3.02556608]
 [ 0.20509207]
 [ 0.52475287]]","[[1018.95234163]
 [   8.25751727]
 [1494.85120538]]"
184,3rd,"(637, 254)","(774, 233)","(705, 243)","(723, 330)","(1125, 430)","[[-3.05043944]
 [ 0.25379903]
 [ 0.49523203]]","[[ 995.14075995]
 [  32.93752774]
 [1474.5356173 ]]"
185,3rd,"(639, 253)","(775, 233)","(707, 243)","(726, 330)","(1227, 405)","[[-3.07996014]
 [ 0.27322378]
 [ 0.42068571]]","[[1001.60057844]
 [  30.22205129]
 [1466.84429825]]"
186,3rd,"(636, 251)","(769, 227)","(702, 239)","(721, 330)","(1156, 465)","[[-3.02494719]
 [ 0.28824135]
 [ 0.48669177]]","[[ 968.2708338 ]
 [  27.64769436]
 [1439.28305781]]"
187,3rd,"(634, 250)","(766, 227)","(700, 238)","(717, 330)","(1117, 455)","[[-3.02949792]
 [ 0.27339919]
 [ 0.51002464]]","[[ 958.7571116 ]
 [  27.96270992]
 [1439.84431853]]"
188,3rd,"(635, 252)","(769, 230)","(702, 241)","(718, 331)","(1587, 464)","[[-3.06015569]
 [ 0.24166229]
 [ 0.13069731]]","[[ 986.016964  ]
 [  32.33598232]
 [1438.63014579]]"
189,3rd,"(635, 250)","(771, 229)","(703, 239)","(718, 329)","(1257, 443)","[[-3.05130524]
 [ 0.23615208]
 [ 0.35308538]]","[[1002.88082962]
 [  30.44766011]
 [1488.21811961]]"
190,3rd,"(636, 253)","(766, 230)","(701, 241)","(715, 334)","(1280, 474)","[[-3.04366671]
 [ 0.24687449]
 [ 0.38241534]]","[[ 953.63484794]
 [  36.12788697]
 [1427.63865784]]"
191,4th,"(632, 259)","(765, 234)","(698, 246)","(714, 338)","(560, 351)","[[-0.21926066]
 [-3.08420918]
 [ 0.18802597]]","[[ -973.03165498]
 [  -44.53262897]
 [-1596.40110867]]"
192,3rd,"(631, 251)","(763, 224)","(697, 237)","(712, 331)","(1395, 456)","[[-3.05484551]
 [ 0.28883755]
 [ 0.27448112]]","[[ 965.18956552]
 [  28.63443607]
 [1440.52368398]]"
193,3rd,"(631, 255)","(763, 229)","(697, 242)","(712, 334)","(1428, 423)","[[-3.08598575]
 [ 0.27428645]
 [ 0.22187268]]","[[ 983.29648354]
 [  36.12991294]
 [1462.09849741]]"
194,3rd,"(629, 259)","(761, 235)","(695, 247)","(707, 339)","(1343, 457)","[[-3.07199034]
 [ 0.24763444]
 [ 0.278028  ]]","[[ 964.01737889]
 [  50.26639229]
 [1461.28425355]]"
195,4th,"(625, 254)","(752, 232)","(688, 243)","(687, 330)","(320, 412)","[[-2.64455158]
 [ 0.29909224]
 [ 1.58709693]]","[[ 883.93063034]
 [  37.08438738]
 [1549.32180582]]"
196,4th,"(625, 246)","(747, 221)","(686, 233)","(678, 322)","(272, 378)","[[-2.57334771]
 [ 0.24110071]
 [ 1.74133929]]","[[ 846.20782633]
 [  15.94087342]
 [1532.98905322]]"
197,4th,"(633, 251)","(747, 230)","(690, 240)","(678, 325)","(285, 378)","[[-2.61773625]
 [ 0.22078968]
 [ 1.68840998]]","[[ 855.76154472]
 [  26.90436647]
 [1540.34977957]]"
198,4th,"(616, 256)","(736, 232)","(676, 244)","(668, 332)","(270, 395)","[[-2.60987363]
 [ 0.25615712]
 [ 1.68755847]]","[[ 828.1518818 ]
 [  40.09363825]
 [1537.2908246 ]]"
199,4th,"(623, 246)","(742, 228)","(682, 237)","(671, 322)","(263, 375)","[[-2.5223499 ]
 [ 0.1874619 ]
 [ 1.79165854]]","[[ 842.42807804]
 [  18.12722718]
 [1546.04310641]]"
200,4th,"(617, 250)","(742, 229)","(679, 239)","(672, 326)","(277, 398)","[[-2.59494047]
 [ 0.22818325]
 [ 1.65688256]]","[[ 835.46294035]
 [  26.33884113]
 [1526.98251771]]"
201,4th,"(639, 239)","(740, 233)","(689, 236)","(669, 329)","(253, 395)","[[-2.47324535]
 [ 0.16381349]
 [ 1.78578789]]","[[ 825.516098  ]
 [  28.80233999]
 [1533.66528049]]"
202,4th,"(621, 251)","(738, 229)","(679, 240)","(667, 325)","(271, 375)","[[-2.59440439]
 [ 0.20755034]
 [ 1.71192358]]","[[ 838.04545758]
 [  21.81995083]
 [1556.9179    ]]"
203,4th,"(634, 244)","(742, 223)","(688, 233)","(673, 321)","(260, 374)","[[-2.5338231 ]
 [ 0.22738111]
 [ 1.79819393]]","[[ 836.54071565]
 [  14.04657597]
 [1532.81499077]]"
204,4th,"(622, 248)","(744, 229)","(683, 238)","(674, 323)","(295, 379)","[[-2.66554504]
 [ 0.21300071]
 [ 1.60061589]]","[[ 848.34792507]
 [  22.24878646]
 [1535.51804258]]"
205,4th,"(617, 250)","(741, 230)","(679, 240)","(670, 327)","(293, 413)","[[-2.62512782]
 [ 0.25803288]
 [ 1.57852493]]","[[ 838.10799704]
 [  28.12047701]
 [1535.02725607]]"
206,4th,"(621, 247)","(741, 225)","(681, 236)","(672, 321)","(275, 380)","[[-2.55466866]
 [ 0.22853727]
 [ 1.73970765]]","[[ 851.31489855]
 [  13.09455975]
 [1562.45921284]]"
207,4th,"(618, 244)","(740, 222)","(679, 233)","(671, 321)","(263, 391)","[[-2.57776414]
 [ 0.2448938 ]
 [ 1.70535   ]]","[[ 822.04797052]
 [  20.97401124]
 [1521.07230295]]"
208,4th,"(632, 245)","(742, 226)","(687, 235)","(672, 322)","(256, 367)","[[-2.55630833]
 [ 0.20227121]
 [ 1.78384894]]","[[ 828.4943634 ]
 [  15.24381426]
 [1525.83606119]]"
209,4th,"(633, 244)","(744, 224)","(688, 234)","(673, 322)","(261, 371)","[[-2.53352101]
 [ 0.20952923]
 [ 1.79774262]]","[[ 838.53208721]
 [  14.10310639]
 [1540.6228912 ]]"
210,4th,"(636, 241)","(757, 224)","(696, 232)","(673, 321)","(246, 374)","[[-2.50447236]
 [ 0.17383482]
 [ 1.81132541]]","[[ 819.25860839]
 [  14.3485044 ]
 [1499.43908672]]"
211,4th,"(628, 239)","(753, 220)","(690, 229)","(670, 319)","(250, 384)","[[-2.46393984]
 [ 0.17565235]
 [ 1.80325234]]","[[ 822.45677934]
 [   5.77533071]
 [1517.42850265]]"
212,4th,"(623, 238)","(746, 217)","(684, 227)","(664, 318)","(260, 385)","[[-2.56878508]
 [ 0.2297567 ]
 [ 1.69897424]]","[[ 815.76512661]
 [   6.06617605]
 [1529.53463912]]"
213,4th,"(614, 240)","(743, 218)","(678, 229)","(666, 320)","(300, 420)","[[-2.67860337]
 [ 0.25439924]
 [ 1.45910243]]","[[ 808.46815444]
 [  14.76949493]
 [1496.68332181]]"
214,4th,"(612, 242)","(733, 220)","(672, 231)","(653, 322)","(239, 397)","[[-2.58549598]
 [ 0.2460502 ]
 [ 1.66687801]]","[[ 772.86317598]
 [  14.76171892]
 [1500.61051019]]"
215,4th,"(615, 235)","(732, 211)","(673, 223)","(656, 317)","(243, 403)","[[-2.58207854]
 [ 0.267601  ]
 [ 1.64135594]]","[[ 774.66231416]
 [   2.42649332]
 [1486.64267624]]"
216,4th,"(613, 235)","(732, 211)","(672, 223)","(656, 313)","(240, 394)","[[-2.51270006]
 [ 0.23447358]
 [ 1.72421934]]","[[ 787.59224975]
 [  -5.23615559]
 [1512.75999968]]"
217,4th,"(610, 242)","(725, 215)","(667, 228)","(657, 318)","(246, 394)","[[-2.56182402]
 [ 0.27156132]
 [ 1.70362473]]","[[ 790.64934313]
 [   7.48995895]
 [1517.62773554]]"
218,4th,"(604, 242)","(723, 215)","(663, 228)","(653, 318)","(260, 401)","[[-2.6178369 ]
 [ 0.27241831]
 [ 1.59647981]]","[[ 787.43229216]
 [   4.87433411]
 [1515.98801476]]"
219,4th,"(609, 238)","(727, 212)","(668, 225)","(656, 315)","(255, 391)","[[-2.58859751]
 [ 0.26218755]
 [ 1.65138267]]","[[ 794.71063636]
 [  -3.06915937]
 [1519.61479932]]"
220,4th,"(606, 238)","(734, 215)","(670, 226)","(656, 319)","(262, 417)","[[-2.60556633]
 [ 0.2555978 ]
 [ 1.55745986]]","[[ 783.09836448]
 [   4.51208558]
 [1494.13153178]]"
221,4th,"(607, 238)","(725, 212)","(666, 225)","(653, 317)","(230, 394)","[[-2.55398489]
 [ 0.25983443]
 [ 1.7021321 ]]","[[7.66758013e+02]
 [5.57610195e-01]
 [1.48625937e+03]]"
222,4th,"(605, 245)","(717, 220)","(661, 232)","(648, 324)","(243, 434)","[[-2.55497722]
 [ 0.27598536]
 [ 1.60469634]]","[[ 762.4327371 ]
 [  16.55777611]
 [1497.30248725]]"
223,4th,"(618, 236)","(730, 226)","(674, 231)","(647, 326)","(249, 441)","[[-2.52805058]
 [ 0.21965084]
 [ 1.5872092 ]]","[[ 770.65868087]
 [  20.01139566]
 [1506.6743728 ]]"
224,4th,"(602, 249)","(725, 228)","(663, 238)","(651, 325)","(277, 409)","[[-2.6334124 ]
 [ 0.24292487]
 [ 1.55405193]]","[[ 803.58824099]
 [  20.72462893]
 [1549.01421896]]"
225,4th,"(610, 249)","(722, 230)","(666, 239)","(651, 325)","(274, 406)","[[-2.59158295]
 [ 0.24924176]
 [ 1.6219423 ]]","[[ 816.56567096]
 [  21.48772918]
 [1573.62568465]]"
226,4th,"(598, 251)","(720, 231)","(659, 241)","(648, 328)","(313, 456)","[[-2.66839404]
 [ 0.28226507]
 [ 1.39022228]]","[[ 799.38177911]
 [  31.10385664]
 [1538.0444775 ]]"
227,4th,"(599, 252)","(722, 230)","(660, 241)","(649, 325)","(274, 405)","[[-2.68282056]
 [ 0.26228351]
 [ 1.51852564]]","[[ 785.86814604]
 [  25.23202364]
 [1519.79684689]]"
228,4th,"(589, 253)","(715, 230)","(652, 241)","(639, 328)","(258, 416)","[[-2.68008795]
 [ 0.28096888]
 [ 1.51053382]]","[[ 756.22878699]
 [  31.66042288]
 [1516.7791818 ]]"
229,4th,"(592, 253)","(718, 232)","(655, 242)","(644, 328)","(276, 432)","[[-2.69388761]
 [ 0.26520124]
 [ 1.43987553]]","[[ 763.8128072 ]
 [  32.11667998]
 [1495.52575167]]"
230,4th,"(592, 257)","(713, 237)","(652, 247)","(647, 333)","(314, 434)","[[-2.75429238]
 [ 0.27041643]
 [ 1.35287208]]","[[ 781.75385689]
 [  43.02343214]
 [1506.03736612]]"
231,4th,"(599, 259)","(721, 237)","(660, 248)","(650, 335)","(305, 408)","[[-2.75141054]
 [ 0.25029403]
 [ 1.42149673]]","[[ 796.54954597]
 [  42.4957432 ]
 [1533.81546353]]"
232,4th,"(598, 259)","(726, 236)","(662, 247)","(655, 333)","(360, 429)","[[-2.79743214]
 [ 0.26621071]
 [ 1.2785873 ]]","[[ 812.70083608]
 [  42.43633764]
 [1525.01905424]]"
233,4th,"(608, 255)","(733, 232)","(670, 243)","(662, 331)","(319, 413)","[[-2.73864887]
 [ 0.26752702]
 [ 1.41952929]]","[[ 817.02156843]
 [  33.76179376]
 [1524.19093725]]"
234,4th,"(602, 262)","(732, 242)","(667, 252)","(661, 344)","(388, 516)","[[-2.78243962]
 [ 0.24903924]
 [ 1.14735279]]","[[ 773.06060064]
 [  55.99663396]
 [1409.37655762]]"
235,4th,"(604, 270)","(734, 251)","(669, 260)","(666, 350)","(427, 497)","[[-2.80387732]
 [ 0.27686423]
 [ 1.15393084]]","[[ 834.94645779]
 [  80.50628414]
 [1512.48331513]]"
236,4th,"(603, 276)","(736, 254)","(669, 265)","(672, 355)","(614, 496)","[[-2.93693455]
 [ 0.30101203]
 [ 0.88061228]]","[[ 873.15067793]
 [  90.68030571]
 [1528.31667386]]"
237,3rd,"(606, 277)","(738, 256)","(672, 266)","(680, 359)","(1032, 517)","[[-3.03482162]
 [ 0.26275127]
 [ 0.44774131]]","[[ 901.58358529]
 [  90.39725566]
 [1494.29457755]]"
238,3rd,"(620, 276)","(732, 254)","(676, 265)","(695, 361)","(1045, 574)","[[-3.00197617]
 [ 0.24884838]
 [ 0.50671391]]","[[ 896.38886665]
 [  93.99873574]
 [1434.31534066]]"
239,3rd,"(613, 279)","(750, 258)","(681, 268)","(694, 360)","(862, 523)","[[-2.99355456]
 [ 0.27170954]
 [ 0.65284628]]","[[ 925.25984302]
 [  98.05409443]
 [1497.31772336]]"
240,3rd,"(613, 277)","(751, 257)","(682, 267)","(693, 361)","(887, 534)","[[-2.99147349]
 [ 0.27707863]
 [ 0.62343552]]","[[ 921.34663934]
 [  97.80640191]
 [1493.19098722]]"
241,3rd,"(612, 276)","(748, 257)","(680, 266)","(694, 359)","(892, 549)","[[-2.97797317]
 [ 0.26591362]
 [ 0.62280252]]","[[ 918.59382257]
 [  95.47152569]
 [1483.77750254]]"
242,3rd,"(615, 274)","(754, 254)","(684, 264)","(697, 356)","(1013, 507)","[[-3.03009059]
 [ 0.27263492]
 [ 0.51573775]]","[[ 939.71848046]
 [  87.25016391]
 [1492.78078404]]"
243,3rd,"(614, 269)","(756, 250)","(685, 259)","(697, 354)","(1000, 520)","[[-3.01249347]
 [ 0.25457825]
 [ 0.52784191]]","[[ 929.49325981]
 [  80.97378289]
 [1481.53684556]]"
244,3rd,"(618, 273)","(759, 255)","(688, 264)","(705, 360)","(1281, 541)","[[-3.0490947 ]
 [ 0.24310747]
 [ 0.341375  ]]","[[ 928.83657442]
 [  88.23533481]
 [1434.2827094 ]]"
245,3rd,"(622, 275)","(762, 257)","(692, 266)","(713, 362)","(1508, 544)","[[-3.06978865]
 [ 0.23622315]
 [ 0.1971459 ]]","[[ 942.56641017]
 [  92.95775104]
 [1418.59387044]]"
246,3rd,"(634, 266)","(772, 253)","(703, 259)","(719, 351)","(1660, 454)","[[-3.11530623]
 [ 0.14731125]
 [ 0.11995827]]","[[ 963.24027693]
 [  69.17032519]
 [1408.17875926]]"
247,3rd,"(637, 263)","(776, 251)","(706, 257)","(723, 351)","(1488, 588)","[[-3.02228184]
 [ 0.19087056]
 [ 0.3003599 ]]","[[ 932.05883485]
 [  64.08206876]
 [1370.36707231]]"
248,3rd,"(635, 269)","(773, 255)","(704, 262)","(723, 358)","(1727, 524)","[[-3.07932961]
 [ 0.17968717]
 [ 0.07653045]]","[[ 962.11666446]
 [  78.62934064]
 [1401.65521155]]"
249,3rd,"(637, 267)","(777, 253)","(707, 260)","(727, 354)","(1841, 596)","[[-3.05812968]
 [ 0.21008962]
 [ 0.17562308]]","[[ 916.78065753]
 [  71.42253088]
 [1321.07312689]]"
250,3rd,"(637, 266)","(776, 253)","(706, 259)","(725, 353)","(1656, 496)","[[-3.09122849]
 [ 0.18584941]
 [ 0.18444902]]","[[ 946.05316308]
 [  67.28033114]
 [1378.25029195]]"
251,3rd,"(637, 271)","(776, 257)","(706, 264)","(725, 357)","(1433, 550)","[[-3.05381658]
 [ 0.18840521]
 [ 0.30503972]]","[[ 961.30332349]
 [  84.63423644]
 [1406.49478309]]"
252,3rd,"(629, 278)","(767, 265)","(698, 271)","(718, 363)","(1568, 500)","[[-3.10809605]
 [ 0.1866007 ]
 [ 0.15699645]]","[[ 968.65117252]
 [ 100.56011874]
 [1427.50702982]]"
253,3rd,"(634, 270)","(773, 255)","(703, 262)","(723, 361)","(2160, 548)","[[-3.07384314]
 [ 0.16254015]
 [-0.18463353]]","[[ 942.22425534]
 [  84.44370451]
 [1351.15645707]]"
254,3rd,"(638, 266)","(791, 235)","(714, 250)","(725, 355)","(1568, 633)","[[-3.0138245 ]
 [ 0.20700103]
 [ 0.27100811]]","[[ 927.97853945]
 [  74.00437063]
 [1355.55976416]]"
255,3rd,"(641, 267)","(782, 257)","(711, 262)","(727, 360)","(1615, 589)","[[-3.04649961]
 [ 0.15286688]
 [ 0.1951165 ]]","[[ 961.97815808]
 [  87.33333051]
 [1390.90316422]]"
256,3rd,"(628, 272)","(767, 261)","(697, 266)","(712, 363)","(1391, 539)","[[-3.06836881]
 [ 0.13668242]
 [ 0.2827989 ]]","[[ 948.20769454]
 [  96.40182823]
 [1426.64363777]]"
257,3rd,"(634, 269)","(771, 255)","(702, 262)","(717, 364)","(929, 385)","[[-0.1104379 ]
 [-1.99858731]
 [ 0.26200333]]","[[-1042.30662958]
 [  -94.36731613]
 [-1560.03584544]]"
258,3rd,"(637, 264)","(774, 254)","(705, 259)","(714, 358)","(1619, 532)","[[-3.09948747]
 [ 0.11380361]
 [ 0.34908757]]","[[ 853.98453602]
 [  78.00867389]
 [1277.24334246]]"
259,3rd,"(643, 265)","(782, 255)","(712, 260)","(727, 355)","(2032, 513)","[[-3.10913884]
 [ 0.07008043]
 [ 0.00556939]]","[[ 946.28902912]
 [  78.69362135]
 [1342.36859458]]"
260,3rd,"(643, 269)","(785, 259)","(714, 264)","(730, 360)","(849, 418)","[[-0.0284325 ]
 [-2.19241597]
 [ 0.39408647]]","[[-1115.74015596]
 [ -103.08634099]
 [-1647.60749349]]"
261,3rd,"(643, 265)","(787, 255)","(715, 260)","(730, 357)","(1433, 592)","[[-3.01819725]
 [ 0.16203711]
 [ 0.30616394]]","[[ 971.59554621]
 [  80.61297564]
 [1407.73489991]]"
262,3rd,"(640, 263)","(784, 252)","(712, 257)","(729, 355)","(1636, 553)","[[-3.06259282]
 [ 0.15974926]
 [ 0.21262645]]","[[ 952.72694564]
 [  74.96030025]
 [1374.71393159]]"
263,3rd,"(645, 256)","(787, 247)","(716, 251)","(733, 351)","(1511, 555)","[[-3.03618953]
 [ 0.14560323]
 [ 0.26715073]]","[[ 980.67884069]
 [  66.78305934]
 [1403.59656282]]"
264,3rd,"(648, 253)","(789, 242)","(718, 247)","(736, 344)","(1718, 518)","[[-3.06415081]
 [ 0.15481462]
 [ 0.17454545]]","[[ 977.33166451]
 [  53.03094663]
 [1376.78756993]]"
265,3rd,"(630, 262)","(770, 250)","(700, 256)","(715, 350)","(1720, 501)","[[-3.08624425]
 [ 0.15688059]
 [ 0.07741135]]","[[ 947.95133573]
 [  67.79187569]
 [1397.13329791]]"
266,3rd,"(620, 271)","(758, 259)","(689, 265)","(702, 360)","(1351, 531)","[[-3.06908166]
 [ 0.13420367]
 [ 0.27016748]]","[[ 938.43011693]
 [  96.27499403]
 [1444.30684255]]"
267,3rd,"(614, 269)","(750, 257)","(682, 263)","(697, 356)","(1119, 515)","[[-3.04288946]
 [ 0.15668737]
 [ 0.43109905]]","[[ 927.15835046]
 [  86.60352892]
 [1465.06371063]]"
268,3rd,"(618, 256)","(757, 245)","(687, 250)","(701, 345)","(1359, 487)","[[-3.06422867]
 [ 0.15527461]
 [ 0.25326167]]","[[ 937.96870418]
 [  58.78693543]
 [1448.72145402]]"
269,3rd,"(629, 247)","(768, 236)","(698, 241)","(716, 337)","(1739, 486)","[[-3.06381102]
 [ 0.18105497]
 [ 0.09732393]]","[[ 929.38992866]
 [  32.05181634]
 [1376.82541279]]"
270,3rd,"(643, 241)","(780, 234)","(711, 237)","(719, 328)","(1164, 447)","[[-3.02484895]
 [ 0.11099076]
 [ 0.42715897]]","[[1006.14722385]
 [  22.66923221]
 [1495.03605111]]"
271,3rd,"(642, 222)","(780, 218)","(711, 220)","(718, 308)","(1088, 429)","[[-2.98464605]
 [ 0.11645822]
 [ 0.49656662]]","[[ 979.66696667]
 [ -24.61477122]
 [1473.21597671]]"
272,3rd,"(633, 227)","(771, 222)","(702, 224)","(710, 302)","(1171, 307)","[[-3.09423924]
 [ 0.10996706]
 [ 0.40893072]]","[[ 974.72244187]
 [ -31.43245709]
 [1486.20158367]]"
273,3rd,"(638, 230)","(769, 224)","(703, 227)","(707, 301)","(898, 335)","[[-3.03085822]
 [ 0.05509225]
 [ 0.62325513]]","[[1020.47391786]
 [ -28.07811078]
 [1586.86978937]]"
274,2nd,"(636, 226)","(769, 222)","(702, 224)","(707, 295)","(1015, 264)","[[-3.11009605]
 [ 0.04477653]
 [ 0.51351935]]","[[1017.12224066]
 [ -41.67635611]
 [1565.6961364 ]]"
275,2nd,"(639, 226)","(772, 223)","(705, 224)","(709, 296)","(1051, 285)","[[-3.09540036]
 [ 0.03321744]
 [ 0.47873762]]","[[1021.18389172]
 [ -38.33217443]
 [1561.84872817]]"
276,2nd,"(632, 234)","(763, 231)","(697, 232)","(701, 303)","(973, 279)","[[-3.10821358]
 [ 0.03881462]
 [ 0.54569832]]","[[ 992.02179728]
 [ -22.40956028]
 [1556.36311796]]"
277,2nd,"(631, 239)","(762, 235)","(696, 237)","(699, 303)","(858, 276)","[[-3.10092644]
 [ 0.04126936]
 [ 0.65922305]]","[[1012.26685897]
 [ -17.20265208]
 [1606.41672921]]"
278,2nd,"(631, 234)","(761, 230)","(696, 232)","(700, 298)","(868, 256)","[[-3.10705356]
 [ 0.02878141]
 [ 0.65357519]]","[[1008.09480787]
 [ -31.52965282]
 [1594.6888101 ]]"
279,2nd,"(636, 230)","(768, 225)","(702, 227)","(706, 291)","(1044, 267)","[[-3.11619202]
 [-0.00347199]
 [ 0.45054877]]","[[1029.57459599]
 [ -38.91954522]
 [1595.98194372]]"
280,2nd,"(633, 235)","(766, 230)","(699, 232)","(703, 294)","(875, 248)","[[-3.11409804]
 [ 0.01982891]
 [ 0.63786444]]","[[1036.06540173]
 [ -38.57499765]
 [1631.95547257]]"
281,2nd,"(635, 232)","(766, 230)","(700, 231)","(704, 292)","(876, 247)","[[-3.10758935]
 [ 0.03777208]
 [ 0.64492908]]","[[1027.14933763]
 [ -45.19494299]
 [1613.93792582]]"
282,2nd,"(637, 230)","(770, 226)","(703, 228)","(707, 288)","(963, 258)","[[-3.10914986]
 [ 0.02359272]
 [ 0.52654735]]","[[1055.89049269]
 [ -50.68938237]
 [1641.58897958]]"
283,4th,"(655, 247)","(762, 247)","(708, 247)","(710, 321)","(596, 519)","[[-2.57651661]
 [ 0.2448679 ]
 [ 1.03419569]]","[[1180.85792028]
 [  13.4634692 ]
 [1872.63611857]]"
284,2nd,"(668, 202)","(803, 200)","(735, 201)","(732, 265)","(941, 188)","[[-3.0967986 ]
 [-0.01029369]
 [ 0.65931631]]","[[1100.12929156]
 [-111.47031875]
 [1601.85171267]]"
285,2nd,"(665, 213)","(800, 210)","(732, 211)","(736, 281)","(1094, 248)","[[-3.0898453 ]
 [ 0.03055934]
 [ 0.51399628]]","[[1082.06215652]
 [ -74.30326304]
 [1551.97767476]]"
286,3rd,"(666, 234)","(801, 231)","(733, 232)","(743, 310)","(1192, 336)","[[-3.08133838]
 [ 0.03462243]
 [ 0.43395684]]","[[1092.97288441]
 [ -10.38726456]
 [1540.76839738]]"
287,3rd,"(678, 236)","(816, 237)","(747, 236)","(764, 320)","(1431, 383)","[[-3.07597447]
 [ 0.04043661]
 [ 0.3035691 ]]","[[1109.98786117]
 [   5.41719364]
 [1490.61257769]]"
288,3rd,"(708, 234)","(835, 240)","(771, 237)","(792, 326)","(1687, 397)","[[-3.08712985]
 [ 0.02419148]
 [ 0.16442128]]","[[1169.83532727]
 [  14.87153365]
 [1476.87663486]]"
289,3rd,"(725, 245)","(846, 254)","(785, 249)","(813, 339)","(2108, 387)","[[-3.13120346e+00]
 [-2.85932313e-03]
 [-5.54091585e-02]]","[[1177.98654107]
 [  40.70958579]
 [1421.5418819 ]]"
290,3rd,"(719, 250)","(848, 257)","(783, 253)","(812, 340)","(2026, 387)","[[-3.13427042]
 [-0.00537187]
 [-0.04841801]]","[[1198.15864627]
 [  46.8203103 ]
 [1447.75386535]]"
291,3rd,"(727, 244)","(852, 254)","(789, 249)","(814, 339)","(2133, 358)","[[-3.15217847]
 [ 0.00801674]
 [-0.03006549]]","[[1174.99953571]
 [  40.77165803]
 [1409.65635588]]"
292,3rd,"(704, 254)","(835, 259)","(769, 256)","(787, 344)","(1710, 439)","[[-3.10164003]
 [ 0.00451591]
 [ 0.15355287]]","[[1151.67626004]
 [  59.71696475]
 [1465.24139863]]"
293,3rd,"(667, 245)","(803, 242)","(735, 243)","(732, 332)","(1100, 439)","[[-3.02130044]
 [ 0.0634148 ]
 [ 0.50051931]]","[[1068.27719144]
 [  36.1695793 ]
 [1537.05376455]]"
294,4th,"(651, 255)","(788, 252)","(719, 253)","(709, 343)","(376, 423)","[[-2.68711419]
 [ 0.11931595]
 [ 1.45378265]]","[[ 933.08802436]
 [  65.64074515]
 [1536.5606233 ]]"
295,4th,"(644, 268)","(771, 262)","(707, 265)","(692, 351)","(361, 391)","[[-2.72299061]
 [ 0.09558774]
 [ 1.51380385]]","[[ 931.67515707]
 [  84.85475914]
 [1601.195853  ]]"
296,4th,"(641, 263)","(770, 257)","(705, 260)","(690, 347)","(360, 405)","[[-2.71578321]
 [ 0.09924027]
 [ 1.46475141]]","[[ 911.40760559]
 [  73.1663598 ]
 [1568.07545902]]"
297,4th,"(638, 263)","(768, 257)","(703, 260)","(690, 345)","(366, 394)","[[-2.74976559]
 [ 0.09398299]
 [ 1.44131109]]","[[ 906.47523706]
 [  71.78777731]
 [1564.31484894]]"
298,4th,"(643, 265)","(773, 259)","(708, 262)","(695, 349)","(368, 403)","[[-2.72922453]
 [ 0.11400459]
 [ 1.46893415]]","[[ 923.86907637]
 [  79.38898851]
 [1578.30377645]]"
299,4th,"(645, 265)","(776, 259)","(710, 262)","(698, 348)","(401, 418)","[[-2.74405199]
 [ 0.1393734 ]
 [ 1.40223652]]","[[ 949.95526337]
 [  80.86121268]
 [1602.10687339]]"
300,4th,"(641, 263)","(775, 256)","(708, 259)","(694, 344)","(416, 402)","[[-2.78055412]
 [ 0.08762641]
 [ 1.34186888]]","[[ 944.06831993]
 [  68.34419119]
 [1601.99186365]]"
301,3rd,"(649, 256)","(782, 252)","(715, 254)","(704, 338)","(917, 479)","[[-2.98049621]
 [ 0.07667859]
 [ 0.59043476]]","[[1004.7258953 ]
 [  62.72929497]
 [1567.09685617]]"
302,4th,"(650, 254)","(784, 247)","(717, 250)","(707, 331)","(464, 359)","[[-2.85412049]
 [ 0.10026696]
 [ 1.29746106]]","[[ 982.34179063]
 [  40.28665227]
 [1600.34643542]]"
303,4th,"(660, 250)","(794, 245)","(727, 247)","(717, 325)","(588, 369)","[[-2.92027799]
 [ 0.08270688]
 [ 1.08523382]]","[[1016.27733019]
 [  32.86251105]
 [1581.06187637]]"
304,3rd,"(661, 245)","(796, 242)","(728, 243)","(724, 318)","(791, 327)","[[-3.03510032]
 [ 0.04179659]
 [ 0.81957939]]","[[1040.65899009]
 [  12.77490764]
 [1564.5168386 ]]"
305,3rd,"(670, 237)","(801, 236)","(735, 236)","(731, 308)","(920, 319)","[[-3.05209227]
 [ 0.00431786]
 [ 0.67681955]]","[[1078.41899982]
 [  -7.97826244]
 [1580.49267771]]"
306,2nd,"(666, 235)","(802, 234)","(734, 234)","(731, 302)","(849, 296)","[[-3.04394385]
 [-0.02235083]
 [ 0.75275047]]","[[1103.90510809]
 [ -21.53919144]
 [1626.71320507]]"
307,2nd,"(667, 235)","(803, 232)","(735, 233)","(732, 299)","(883, 263)","[[-3.0882866 ]
 [ 0.01640316]
 [ 0.7244187 ]]","[[1098.37353764]
 [ -28.40192517]
 [1611.19818829]]"
308,2nd,"(671, 234)","(801, 235)","(736, 234)","(735, 298)","(927, 252)","[[-3.10072819]
 [-0.07829685]
 [ 0.6679538 ]]","[[1127.87501906]
 [ -28.90028103]
 [1639.76300138]]"
309,2nd,"(669, 232)","(805, 232)","(737, 232)","(739, 296)","(953, 254)","[[-3.09674281]
 [-0.0352655 ]
 [ 0.65251164]]","[[1113.8364625 ]
 [ -36.56611734]
 [1608.05537317]]"
310,2nd,"(674, 228)","(808, 229)","(741, 228)","(741, 289)","(961, 240)","[[-3.10252981]
 [-0.06371937]
 [ 0.64032774]]","[[1149.28015089]
 [ -49.46186029]
 [1644.16821614]]"
311,2nd,"(684, 228)","(811, 229)","(747, 228)","(749, 291)","(854, 221)","[[-3.10845282]
 [-0.0215664 ]
 [ 0.79934079]]","[[1183.66833558]
 [ -49.34019519]
 [1684.37548688]]"
312,2nd,"(676, 240)","(809, 242)","(742, 241)","(746, 313)","(1235, 292)","[[-3.13332514]
 [-0.01494883]
 [ 0.40209112]]","[[ 1.11547805e+03]
 [-2.00176041e-01]
 [ 1.55175448e+03]]"
313,3rd,"(734, 255)","(857, 271)","(795, 263)","(818, 345)","(1935, 375)","[[-3.15830977]
 [-0.11877548]
 [-0.03115972]]","[[1255.11321684]
 [  67.74235748]
 [1490.76849569]]"
314,3rd,"(762, 252)","(878, 270)","(820, 261)","(848, 349)","(2212, 439)","[[-3.11241103]
 [-0.12777587]
 [-0.19291465]]","[[1308.60407343]
 [  70.397966  ]
 [1462.82709625]]"
315,3rd,"(775, 245)","(893, 265)","(834, 255)","(858, 344)","(2329, 451)","[[-3.10136742]
 [-0.11069808]
 [-0.17358539]]","[[1305.86305615]
 [  60.04719677]
 [1431.93984157]]"
316,3rd,"(781, 251)","(884, 262)","(832, 256)","(872, 355)","(2538, 496)","[[-3.092705  ]
 [-0.02986042]
 [-0.19532485]]","[[1286.1617377 ]
 [  72.74477445]
 [1387.52720888]]"
317,3rd,"(787, 253)","(893, 258)","(840, 255)","(875, 357)","(2552, 534)","[[-3.07542382]
 [-0.04088088]
 [-0.12866002]]","[[1278.36189126]
 [  70.46171715]
 [1374.30733213]]"
318,3rd,"(790, 251)","(894, 259)","(842, 255)","(871, 355)","(2476, 575)","[[-3.04780764]
 [-0.04057473]
 [-0.13123702]]","[[1290.86711915]
 [  75.70550965]
 [1389.39753358]]"
319,3rd,"(783, 260)","(889, 268)","(836, 264)","(867, 364)","(2478, 553)","[[-3.07573996]
 [-0.12805987]
 [-0.16843442]]","[[1285.41604738]
 [  91.75060016]
 [1394.00336945]]"
320,4th,"(783, 260)","(893, 265)","(838, 262)","(873, 365)","(646, 388)","[[ 0.13908689]
 [-3.06219716]
 [ 0.32726597]]","[[-1391.18935727]
 [ -112.61820189]
 [-1718.28311163]]"
321,2nd,"(786, 256)","(896, 264)","(841, 260)","(871, 358)","(1300, 348)","[[ 0.03994629]
 [-1.58762284]
 [-0.02377006]]","[[-1348.63481363]
 [  -74.57289712]
 [-1467.58289592]]"
322,3rd,"(771, 264)","(898, 281)","(834, 272)","(856, 366)","(1224, 379)","[[ 0.04701957]
 [-1.66991322]
 [ 0.05357401]]","[[-1333.73631161]
 [ -106.97839998]
 [-1495.93904021]]"
323,4th,"(726, 266)","(868, 277)","(797, 271)","(802, 367)","(658, 395)","[[ 0.18250033]
 [-2.88863364]
 [ 0.31224371]]","[[-1253.16638269]
 [ -127.96957412]
 [-1694.63470839]]"
324,4th,"(692, 261)","(832, 269)","(762, 265)","(743, 357)","(420, 431)","[[-2.64933483]
 [-0.02122775]
 [ 1.45594529]]","[[1016.97791964]
 [  96.09761504]
 [1541.86347615]]"
325,1st,"(681, 264)","(804, 271)","(742, 267)","(709, 360)","(511, 347)","[[ 0.17837175]
 [-3.28837526]
 [ 0.10666397]]","[[ -981.99875797]
 [  -88.15210553]
 [-1603.26623474]]"
326,1st,"(675, 266)","(799, 274)","(737, 270)","(704, 363)","(514, 349)","[[ 0.19136449]
 [-3.26181664]
 [ 0.10841755]]","[[ -967.65878114]
 [  -95.36534416]
 [-1601.01443815]]"
327,1st,"(681, 266)","(800, 274)","(740, 270)","(708, 365)","(499, 353)","[[ 0.19449038]
 [-3.32194566]
 [ 0.13863738]]","[[ -959.31030007]
 [  -98.48401111]
 [-1580.73297823]]"
328,1st,"(689, 260)","(794, 269)","(741, 264)","(710, 365)","(503, 363)","[[ 0.19198336]
 [-3.28643591]
 [ 0.20048346]]","[[ -929.59331574]
 [  -92.3588234 ]
 [-1531.90956562]]"
329,1st,"(696, 257)","(801, 267)","(748, 262)","(716, 361)","(498, 359)","[[ 0.18269586]
 [-3.32281469]
 [ 0.19633087]]","[[ -946.59201044]
 [  -84.99637176]
 [-1539.53041244]]"
330,1st,"(699, 255)","(804, 266)","(751, 260)","(719, 361)","(509, 358)","[[ 0.20391744]
 [-3.2803131 ]
 [ 0.18919665]]","[[ -947.30074008]
 [  -80.96831172]
 [-1525.07340127]]"
331,4th,"(686, 263)","(812, 275)","(749, 269)","(719, 363)","(519, 364)","[[ 0.20786281]
 [-3.25311655]
 [ 0.20496285]]","[[ -979.48243575]
 [  -96.75730163]
 [-1574.33835571]]"
332,4th,"(694, 261)","(814, 273)","(754, 267)","(721, 363)","(515, 365)","[[ 0.20602939]
 [-3.26865845]
 [ 0.21366939]]","[[ -971.36687172]
 [  -94.55763808]
 [-1555.81857413]]"
333,4th,"(696, 261)","(816, 269)","(756, 265)","(728, 366)","(521, 371)","[[ 0.18211103]
 [-3.25412706]
 [ 0.24099   ]]","[[ -977.73084183]
 [  -98.31538604]
 [-1547.69902115]]"
334,4th,"(684, 265)","(823, 273)","(753, 269)","(738, 366)","(565, 398)","[[ 0.18585407]
 [-3.09171944]
 [ 0.36716414]]","[[-1021.55092756]
 [ -114.28992109]
 [-1576.60141895]]"
335,3rd,"(689, 264)","(824, 274)","(756, 269)","(736, 366)","(1112, 497)","[[-3.02732385]
 [-0.06908525]
 [ 0.53929259]]","[[1050.30839382]
 [ 105.93299538]
 [1486.54868331]]"
336,3rd,"(691, 260)","(818, 265)","(754, 262)","(729, 355)","(1063, 401)","[[ 0.1180385 ]
 [-1.77682471]
 [ 0.12216404]]","[[-1091.51537836]
 [  -98.12354821]
 [-1507.44955804]]"
337,4th,"(690, 255)","(830, 261)","(760, 258)","(736, 347)","(358, 400)","[[-2.58596184]
 [ 0.00785961]
 [ 1.61595854]]","[[ 977.66179172]
 [  72.94781647]
 [1524.27635236]]"
338,4th,"(697, 258)","(832, 265)","(764, 261)","(740, 346)","(391, 371)","[[-2.67372895]
 [-0.04972526]
 [ 1.56033634]]","[[1000.61104788]
 [  74.0173452 ]
 [1524.4566312 ]]"
339,4th,"(693, 258)","(826, 267)","(759, 262)","(734, 348)","(337, 372)","[[ 2.67148294]
 [ 0.04841363]
 [-1.76161874]]","[[ 964.95924261]
 [  76.58176255]
 [1518.79117134]]"
340,4th,"(688, 262)","(823, 269)","(755, 265)","(736, 354)","(549, 370)","[[ 0.13612266]
 [-3.17472073]
 [ 0.24370949]]","[[-1037.73549537]
 [  -90.94503259]
 [-1613.60791452]]"
341,4th,"(687, 264)","(820, 272)","(753, 268)","(731, 355)","(383, 399)","[[ 2.77098114]
 [ 0.01206331]
 [-1.6094773 ]]","[[ 988.00553165]
 [  95.92418561]
 [1544.34236622]]"
342,4th,"(691, 266)","(822, 273)","(756, 269)","(734, 356)","(347, 389)","[[-2.58508649]
 [-0.00850837]
 [ 1.68459725]]","[[ 977.89919245]
 [  95.34992871]
 [1537.19126109]]"
343,4th,"(697, 267)","(828, 274)","(762, 270)","(739, 355)","(365, 376)","[[ 2.6922417 ]
 [ 0.03255554]
 [-1.67209404]]","[[ 988.53137938]
 [  97.78235708]
 [1523.31391328]]"
344,4th,"(705, 264)","(840, 274)","(772, 269)","(747, 352)","(422, 372)","[[-2.70024472]
 [-0.08926127]
 [ 1.5175215 ]]","[[1034.80945078]
 [  89.77429517]
 [1546.36325369]]"
345,3rd,"(722, 261)","(858, 276)","(790, 268)","(772, 353)","(1306, 445)","[[-3.06553849]
 [-0.15748875]
 [ 0.44890016]]","[[1149.88426064]
 [  91.00941908]
 [1499.3705352 ]]"
346,3rd,"(720, 261)","(860, 275)","(790, 268)","(774, 354)","(1574, 500)","[[-3.06960371]
 [-0.15419582]
 [ 0.27382935]]","[[1130.8138313]
 [  95.1686919]
 [1453.9778174]]"
347,3rd,"(722, 262)","(860, 277)","(791, 269)","(774, 352)","(1087, 406)","[[-3.04681519]
 [-0.17335181]
 [ 0.65658374]]","[[1132.54228014]
 [  91.18719409]
 [1492.84226359]]"
348,3rd,"(715, 263)","(860, 278)","(787, 270)","(774, 355)","(1094, 432)","[[-3.02951284]
 [-0.17756381]
 [ 0.65017432]]","[[1116.05825837]
 [  95.43929841]
 [1475.20366566]]"
349,4th,"(718, 265)","(857, 278)","(787, 271)","(773, 359)","(584, 366)","[[ 0.19476955]
 [-3.11167703]
 [ 0.18765911]]","[[-1131.84303443]
 [ -106.71780952]
 [-1628.89275786]]"
350,4th,"(710, 269)","(842, 282)","(776, 275)","(755, 361)","(561, 372)","[[ 0.19979401]
 [-3.16430179]
 [ 0.22363686]]","[[-1082.92028865]
 [ -113.73681735]
 [-1612.25649361]]"
351,3rd,"(710, 272)","(849, 287)","(779, 279)","(767, 367)","(1098, 445)","[[ 3.09750498]
 [ 0.15862852]
 [-0.63091887]]","[[1128.65071617]
 [ 122.12253829]
 [1506.56180875]]"
352,3rd,"(723, 272)","(868, 290)","(795, 281)","(791, 371)","(1375, 504)","[[-3.05810069]
 [-0.16829498]
 [ 0.45718151]]","[[1153.11429474]
 [ 127.22590248]
 [1460.78935246]]"
353,3rd,"(732, 272)","(873, 291)","(802, 281)","(797, 373)","(1632, 539)","[[-3.07380044]
 [-0.17657569]
 [ 0.28162491]]","[[1174.48708322]
 [ 131.380595  ]
 [1451.38734083]]"
354,4th,"(737, 276)","(880, 294)","(808, 285)","(806, 376)","(641, 399)","[[ 0.23378018]
 [-2.956474  ]
 [ 0.30353931]]","[[-1256.93888099]
 [ -155.6562714 ]
 [-1692.26633025]]"
355,4th,"(745, 273)","(885, 295)","(815, 284)","(811, 370)","(634, 389)","[[ 0.2614731 ]
 [-2.99398173]
 [ 0.26238547]]","[[-1267.82220165]
 [ -148.03925088]
 [-1691.76577102]]"
356,3rd,"(742, 272)","(885, 292)","(813, 282)","(808, 369)","(1610, 516)","[[ 3.16300034]
 [ 0.20300695]
 [-0.32529531]]","[[1203.74000802]
 [ 125.51398551]
 [1458.87458723]]"
357,4th,"(734, 274)","(876, 291)","(805, 282)","(795, 373)","(602, 383)","[[ 0.22062687]
 [-3.08096489]
 [ 0.23907445]]","[[-1182.21529636]
 [ -139.91279617]
 [-1633.44821958]]"
358,4th,"(712, 272)","(855, 290)","(783, 281)","(761, 369)","(757, 424)","[[-2.9509344 ]
 [-0.15802975]
 [ 0.96645998]]","[[1102.72206085]
 [ 129.17490435]
 [1523.52486177]]"
359,1st,"(705, 272)","(838, 288)","(771, 280)","(737, 367)","(552, 357)","[[-0.27338335]
 [ 3.08365249]
 [-0.11039142]]","[[-1042.68194875]
 [ -117.69328628]
 [-1590.00313302]]"
360,1st,"(690, 278)","(818, 291)","(754, 284)","(723, 376)","(534, 374)","[[ 0.2631864 ]
 [-3.19637016]
 [ 0.20492191]]","[[ -994.26762502]
 [ -134.27789168]
 [-1578.4978049 ]]"
361,1st,"(692, 278)","(821, 294)","(756, 286)","(721, 376)","(534, 371)","[[ 0.27854444]
 [-3.21048814]
 [ 0.19247995]]","[[-1018.37779137]
 [ -134.32904558]
 [-1609.60653983]]"
362,4th,"(694, 268)","(831, 289)","(762, 278)","(728, 368)","(320, 439)","[[-2.47416659]
 [-0.05473915]
 [ 1.67395351]]","[[ 939.0701944 ]
 [ 120.75494059]
 [1478.34623645]]"
363,4th,"(705, 268)","(833, 281)","(769, 274)","(733, 367)","(294, 384)","[[ 2.54020663]
 [ 0.05859271]
 [-1.9647612 ]]","[[ 932.68084842]
 [ 108.40323937]
 [1478.38306467]]"
364,1st,"(715, 261)","(846, 278)","(780, 269)","(745, 359)","(536, 354)","[[ 0.2734835 ]
 [-3.23415097]
 [ 0.1428457 ]]","[[-1026.2851114 ]
 [  -92.34615089]
 [-1551.79081205]]"
365,4th,"(719, 261)","(852, 277)","(785, 269)","(753, 360)","(323, 387)","[[ 2.5717573 ]
 [ 0.05142477]
 [-1.94516735]]","[[ 983.64623038]
 [  98.76012796]
 [1491.70167352]]"
366,1st,"(714, 264)","(845, 278)","(779, 271)","(745, 361)","(536, 357)","[[ 0.2403741 ]
 [-3.2367052 ]
 [ 0.14794806]]","[[-1025.19661478]
 [  -99.06496084]
 [-1551.12132425]]"
367,1st,"(719, 262)","(850, 277)","(784, 269)","(751, 358)","(543, 353)","[[ 0.25667438]
 [-3.22445761]
 [ 0.13139199]]","[[-1047.38329244]
 [  -93.0479154 ]
 [-1564.55187658]]"
368,1st,"(723, 252)","(857, 267)","(790, 259)","(755, 345)","(548, 336)","[[ 0.24398575]
 [-3.2181771 ]
 [ 0.06573025]]","[[-1058.25627968]
 [  -64.86071843]
 [-1566.5917041 ]]"
369,4th,"(721, 248)","(856, 263)","(788, 255)","(760, 339)","(383, 389)","[[-2.54284345]
 [-0.08967152]
 [ 1.6255055 ]]","[[1033.09259603]
 [  66.01729175]
 [1523.74671575]]"
370,4th,"(715, 259)","(853, 273)","(784, 266)","(756, 345)","(371, 352)","[[ 2.65247998]
 [ 0.11858916]
 [-1.75242984]]","[[1027.57414579]
 [  79.97628756]
 [1527.92005188]]"
371,3rd,"(738, 265)","(875, 284)","(806, 274)","(782, 353)","(1145, 393)","[[ 3.07282346]
 [ 0.23593914]
 [-0.63683798]]","[[1164.84782416]
 [  99.81029785]
 [1495.41473976]]"
372,1st,"(740, 262)","(881, 279)","(810, 270)","(784, 347)","(484, 322)","[[ 2.70762127]
 [ 0.15779583]
 [-1.54391706]]","[[1151.45838442]
 [  85.25867431]
 [1580.07728251]]"
373,4th,"(727, 262)","(866, 277)","(796, 269)","(771, 344)","(452, 355)","[[ 2.74073194]
 [ 0.12640163]
 [-1.60271276]]","[[1114.40213235]
 [  83.72786606]
 [1578.22222926]]"
374,2nd,"(734, 272)","(872, 289)","(803, 280)","(784, 353)","(888, 344)","[[ 2.97583699]
 [ 0.21968171]
 [-0.86305355]]","[[1223.49283948]
 [ 111.70736497]
 [1598.32431712]]"
375,3rd,"(755, 265)","(892, 283)","(823, 274)","(803, 345)","(1098, 351)","[[ 3.03552288]
 [ 0.22795948]
 [-0.6905312 ]]","[[1274.22089524]
 [  93.85364177]
 [1574.18162136]]"
376,2nd,"(761, 252)","(899, 272)","(830, 262)","(811, 331)","(961, 320)","[[-3.01237634]
 [-0.27143872]
 [ 0.84432415]]","[[1319.71295986]
 [  55.39252169]
 [1629.71793694]]"
377,2nd,"(758, 250)","(895, 269)","(826, 259)","(807, 321)","(884, 274)","[[-3.02643657]
 [-0.27614983]
 [ 0.95313467]]","[[1322.28473966]
 [  42.88346532]
 [1647.35355684]]"
378,2nd,"(759, 246)","(895, 265)","(827, 255)","(810, 317)","(911, 250)","[[-3.04185217]
 [-0.30518724]
 [ 0.93790539]]","[[1314.95675656]
 [  29.89364987]
 [1621.88169948]]"
379,2nd,"(774, 250)","(903, 270)","(838, 260)","(819, 319)","(923, 272)","[[-3.02462695]
 [-0.29743965]
 [ 0.93241512]]","[[1355.11525963]
 [  37.86009129]
 [1646.99109708]]"
380,2nd,"(775, 253)","(904, 273)","(839, 263)","(821, 323)","(933, 273)","[[-3.02438217]
 [-0.32541269]
 [ 0.92363415]]","[[1353.49548051]
 [  44.97631918]
 [1640.32418554]]"
381,2nd,"(773, 253)","(902, 272)","(837, 262)","(818, 322)","(955, 273)","[[-3.04444771]
 [-0.30310392]
 [ 0.88854102]]","[[1357.40908477]
 [  44.81312094]
 [1648.65056802]]"
382,2nd,"(764, 258)","(900, 277)","(832, 267)","(816, 329)","(1010, 282)","[[ 2.97488699]
 [ 0.26440577]
 [-0.78233304]]","[[1364.5833661 ]
 [  58.19172009]
 [1658.8431615 ]]"
383,2nd,"(764, 259)","(898, 279)","(831, 269)","(815, 331)","(959, 302)","[[-3.03978266]
 [-0.28583402]
 [ 0.86339266]]","[[1360.68874015]
 [  66.50297177]
 [1665.67899778]]"
384,2nd,"(772, 262)","(903, 280)","(837, 271)","(824, 333)","(1102, 285)","[[ 2.9857015 ]
 [ 0.27925485]
 [-0.68905458]]","[[1387.80197103]
 [  70.62369114]
 [1656.8380544 ]]"
385,2nd,"(802, 258)","(931, 282)","(866, 270)","(873, 333)","(1575, 254)","[[ 3.00889833]
 [ 0.27339032]
 [-0.34526445]]","[[1473.29874896]
 [  61.82912536]
 [1591.77088981]]"
386,2nd,"(802, 259)","(934, 283)","(868, 271)","(880, 337)","(1731, 272)","[[-3.20957016]
 [-0.27773891]
 [ 0.28411071]]","[[1451.95551251]
 [  70.25032604]
 [1546.62398337]]"
387,3rd,"(805, 262)","(936, 286)","(870, 274)","(883, 342)","(1507, 351)","[[-3.14212131]
 [-0.16002588]
 [ 0.42423557]]","[[1507.52133631]
 [  86.63214871]
 [1614.8572133 ]]"
388,2nd,"(801, 261)","(929, 284)","(865, 272)","(872, 337)","(1665, 288)","[[-3.19626251]
 [-0.26758726]
 [ 0.30488211]]","[[1445.31166351]
 [  72.80866046]
 [1563.03885958]]"
389,2nd,"(765, 263)","(901, 279)","(833, 271)","(821, 334)","(964, 305)","[[-3.04844296]
 [-0.23663971]
 [ 0.881834  ]]","[[1347.49796174]
 [  71.45818559]
 [1631.01420738]]"
390,4th,"(707, 263)","(839, 274)","(773, 268)","(740, 332)","(435, 342)","[[-2.68812482]
 [-0.14017593]
 [ 1.55164635]]","[[1082.36064769]
 [  68.02953054]
 [1600.82005992]]"
391,1st,"(689, 262)","(827, 267)","(758, 264)","(736, 320)","(519, 289)","[[ 2.76401971]
 [ 0.10370895]
 [-1.36029208]]","[[1151.95373423]
 [  42.38831517]
 [1704.92878549]]"
392,1st,"(641, 277)","(775, 281)","(708, 279)","(685, 330)","(581, 257)","[[ 2.84129122]
 [ 0.11194875]
 [-1.00429715]]","[[1013.03259623]
 [  62.71149737]
 [1681.71169051]]"
393,1st,"(652, 279)","(779, 284)","(715, 281)","(693, 331)","(508, 281)","[[ 2.77348898]
 [ 0.0930771 ]
 [-1.20725897]]","[[1071.35415722]
 [  75.13031949]
 [1777.34392479]]"
394,1st,"(651, 278)","(779, 283)","(715, 280)","(693, 330)","(549, 266)","[[ 2.79757403]
 [ 0.10876624]
 [-1.104198  ]]","[[1066.31236475]
 [  72.27047307]
 [1757.23170972]]"
395,1st,"(660, 277)","(773, 282)","(716, 279)","(688, 327)","(457, 292)","[[ 2.73823119]
 [ 0.09862649]
 [-1.34288391]]","[[1054.91139885]
 [  71.30951011]
 [1769.15489623]]"
396,1st,"(651, 281)","(772, 285)","(711, 283)","(688, 330)","(472, 258)","[[-2.96907383]
 [-0.17770298]
 [ 1.38579457]]","[[1039.95838189]
 [  73.73551783]
 [1759.45675133]]"
397,1st,"(675, 272)","(769, 283)","(722, 277)","(684, 329)","(446, 290)","[[ 2.74998057]
 [ 0.18013801]
 [-1.37031021]]","[[1038.09918203]
 [  68.45676058]
 [1757.43411588]]"
398,1st,"(649, 278)","(769, 284)","(709, 281)","(685, 326)","(491, 266)","[[ 2.74440375]
 [ 0.11706835]
 [-1.23643084]]","[[1063.38339629]
 [  66.94471388]
 [1784.50353082]]"
399,1st,"(649, 282)","(769, 286)","(709, 284)","(686, 331)","(494, 254)","[[ 2.72444351]
 [ 0.13713565]
 [-1.21427403]]","[[1057.11296188]
 [  74.84299784]
 [1782.57595504]]"
400,1st,"(632, 282)","(766, 285)","(699, 283)","(684, 334)","(475, 291)","[[ 2.7688887 ]
 [ 0.11871578]
 [-1.26422261]]","[[1039.3118502 ]
 [  82.45956113]
 [1761.56207462]]"
401,1st,"(635, 283)","(766, 284)","(700, 283)","(682, 334)","(558, 264)","[[ 2.80760302]
 [ 0.05615806]
 [-1.03028699]]","[[1015.91450981]
 [  79.5991935 ]
 [1706.16493841]]"
402,4th,"(663, 266)","(758, 282)","(710, 274)","(672, 329)","(335, 369)","[[ 2.70609316]
 [ 0.0765413 ]
 [-1.75459783]]","[[ 962.23571328]
 [  75.53940138]
 [1726.0544879 ]]"
403,1st,"(634, 286)","(760, 279)","(697, 282)","(664, 326)","(435, 195)","[[ 2.58072943]
 [ 0.06979677]
 [-1.24658485]]","[[ 980.94262668]
 [  56.73568491]
 [1706.6912477 ]]"
404,1st,"(628, 280)","(750, 277)","(689, 278)","(665, 323)","(462, 215)","[[ 2.68106084]
 [ 0.11186036]
 [-1.19269994]]","[[ 985.61017457]
 [  47.92946918]
 [1735.32823004]]"
405,1st,"(644, 277)","(753, 277)","(698, 277)","(671, 328)","(463, 264)","[[-2.97371045]
 [-0.11073802]
 [ 1.35478103]]","[[1018.64436889]
 [  57.55803567]
 [1774.93471552]]"
406,1st,"(624, 279)","(763, 276)","(693, 277)","(677, 325)","(473, 227)","[[ 2.71304995]
 [ 0.11947264]
 [-1.2057218 ]]","[[ 996.72195604]
 [  46.22286908]
 [1700.64634739]]"
407,1st,"(634, 277)","(758, 272)","(696, 274)","(676, 322)","(544, 245)","[[ 2.7767284 ]
 [ 0.00345132]
 [-1.05726738]]","[[1049.91148921]
 [  46.49119582]
 [1785.58324303]]"
408,4th,"(635, 298)","(751, 296)","(693, 297)","(675, 361)","(565, 550)","[[ 3.21487609]
 [-0.22424039]
 [-1.26344596]]","[[1160.09045996]
 [ 151.08916319]
 [1975.58238057]]"
409,1st,"(633, 276)","(763, 272)","(698, 274)","(679, 320)","(570, 216)","[[ 2.77734214]
 [ 0.04878512]
 [-1.0009181 ]]","[[1030.77942461]
 [  38.15210898]
 [1729.49294815]]"
410,3rd,"(644, 274)","(757, 266)","(700, 270)","(684, 320)","(-12438, 805)","[[-1.9436422 ]
 [-0.3275525 ]
 [ 2.04398615]]","[[-7.61204859]
 [-2.44493452]
 [-8.87269606]]"
411,1st,"(629, 278)","(750, 273)","(689, 275)","(669, 322)","(496, 227)","[[ 2.73819471]
 [ 0.04754371]
 [-1.10935052]]","[[ 988.03740639]
 [  44.90421598]
 [1725.82660301]]"
412,1st,"(636, 255)","(752, 251)","(694, 253)","(673, 305)","(459, 249)","[[ 2.77063267]
 [ 0.06624529]
 [-1.25747591]]","[[1007.68120545]
 [  -3.74889968]
 [1760.72073442]]"
413,1st,"(621, 252)","(757, 250)","(689, 251)","(673, 300)","(429, 251)","[[-2.89527321]
 [-0.08700449]
 [ 1.42692142]]","[[1004.12333066]
 [ -11.28947298]
 [1758.03782975]]"
414,4th,"(671, 232)","(767, 250)","(719, 241)","(682, 296)","(353, 332)","[[-2.49972867]
 [-0.13817066]
 [ 1.66491889]]","[[1012.28341001]
 [ -18.12041564]
 [1750.07096656]]"
415,1st,"(628, 243)","(770, 244)","(699, 243)","(681, 289)","(520, 216)","[[ 2.80553775]
 [ 0.07523861]
 [-1.14534503]]","[[1040.17763859]
 [ -39.05018598]
 [1746.20860407]]"
416,1st,"(647, 248)","(769, 243)","(708, 245)","(687, 287)","(578, 149)","[[ 2.74496751]
 [ 0.11346952]
 [-1.01603383]]","[[1082.54855936]
 [ -50.29703922]
 [1792.57236195]]"
417,1st,"(639, 250)","(766, 242)","(702, 246)","(688, 288)","(620, 150)","[[ 2.76927077]
 [ 0.00981169]
 [-0.92641569]]","[[1079.66394772]
 [ -46.14132016]
 [1763.82624671]]"
418,1st,"(629, 245)","(767, 244)","(698, 244)","(689, 294)","(604, 214)","[[ 2.87454189]
 [ 0.10002301]
 [-0.99163776]]","[[1061.67684238]
 [ -35.87870318]
 [1746.04011478]]"
419,1st,"(645, 247)","(772, 244)","(708, 245)","(690, 296)","(632, 210)","[[ 2.88536596]
 [ 0.08517223]
 [-0.94326105]]","[[1064.36787654]
 [ -35.92586748]
 [1736.95100618]]"
420,1st,"(638, 254)","(764, 243)","(701, 248)","(688, 290)","(598, 174)","[[-3.16529186]
 [ 0.04181351]
 [ 1.10436645]]","[[1100.85340579]
 [ -44.25512148]
 [1819.69082742]]"
421,1st,"(631, 242)","(772, 240)","(701, 241)","(688, 285)","(656, 177)","[[-3.13524041]
 [-0.06421975]
 [ 0.96189675]]","[[1069.92151603]
 [ -59.39128795]
 [1755.56559701]]"
422,1st,"(658, 275)","(756, 261)","(707, 268)","(687, 334)","(582, 328)","[[-0.2361499 ]
 [-3.09828082]
 [ 0.07949476]]","[[-1360.94209995]
 [  -34.095372  ]
 [-2239.64495669]]"
423,1st,"(605, 241)","(740, 243)","(672, 242)","(662, 284)","(608, 174)","[[-3.13827428]
 [-0.09701837]
 [ 0.96249771]]","[[1010.25437195]
 [ -59.67107854]
 [1783.34422184]]"
424,4th,"(605, 262)","(709, 259)","(657, 260)","(649, 327)","(590, 395)","[[-0.01648919]
 [-2.89904155]
 [ 0.56653277]]","[[-1161.48529776]
 [  -30.22319833]
 [-2115.33592364]]"
425,4th,"(566, 224)","(698, 198)","(632, 211)","(626, 301)","(551, 337)","[[-0.22126823]
 [-2.98741202]
 [ 0.2828852 ]]","[[ -946.44365657]
 [   60.98207475]
 [-1881.21175159]]"
426,1st,"(567, 198)","(686, 185)","(626, 191)","(598, 239)","(428, 130)","[[ 2.84555307]
 [-0.01332266]
 [-1.04298594]]","[[ 831.1022432 ]
 [-191.47610199]
 [1763.23324245]]"
427,1st,"(552, 204)","(688, 200)","(620, 202)","(613, 259)","(461, 202)","[[-3.00270765]
 [-0.01356428]
 [ 0.98276298]]","[[ 781.20089104]
 [-121.10311741]
 [1602.87597256]]"
428,3rd,"(569, 247)","(703, 243)","(636, 245)","(638, 329)","(784, 434)","[[-3.01201633]
 [ 0.10891081]
 [ 0.56340086]]","[[ 806.35089025]
 [  29.27665968]
 [1523.83364189]]"
429,3rd,"(563, 245)","(688, 226)","(625, 235)","(639, 335)","(813, 362)","[[-0.04554379]
 [-2.14445657]
 [ 0.22076293]]","[[ -857.29163298]
 [  -27.01202203]
 [-1571.61194789]]"
430,3rd,"(537, 212)","(675, 207)","(606, 209)","(611, 303)","(907, 485)","[[-2.95090849]
 [ 0.11464737]
 [ 0.37897467]]","[[ 703.70780481]
 [ -38.59783575]
 [1436.68057384]]"
431,3rd,"(539, 199)","(665, 195)","(602, 197)","(604, 292)","(1126, 449)","[[-2.96772795]
 [ 0.06495762]
 [ 0.14068615]]","[[ 709.70068874]
 [ -66.81857418]
 [1456.94534017]]"
432,4th,"(509, 179)","(636, 170)","(572, 174)","(576, 268)","(476, 319)","[[-0.07489331]
 [-3.10095148]
 [ 0.25017798]]","[[ -658.9305023 ]
 [  131.2447988 ]
 [-1654.61751764]]"
433,4th,"(490, 233)","(620, 220)","(555, 226)","(548, 316)","(324, 487)","[[-2.86831719]
 [ 0.1580809 ]
 [ 0.83327034]]","[[ 535.25864121]
 [  -3.18499212]
 [1442.77421209]]"
434,4th,"(446, 227)","(581, 212)","(513, 219)","(505, 315)","(190, 662)","[[-2.71548016]
 [ 0.20507376]
 [ 0.83258757]]","[[ 414.98774861]
 [  -1.60165275]
 [1354.15717172]]"
435,4th,"(460, 212)","(591, 200)","(525, 206)","(513, 304)","(437, 345)","[[-0.06298517]
 [-3.12822208]
 [ 0.29326208]]","[[ -507.87684319]
 [   49.71884038]
 [-1561.82693613]]"
436,4th,"(492, 200)","(625, 189)","(558, 194)","(558, 298)","(426, 329)","[[-0.06299594]
 [-3.26175945]
 [ 0.22685244]]","[[ -587.14587388]
 [   70.33442387]
 [-1548.96747838]]"
437,4th,"(525, 222)","(652, 217)","(588, 219)","(584, 312)","(513, 372)","[[ 0.0296669 ]
 [-2.97427403]
 [ 0.40583622]]","[[ -700.06138488]
 [   18.92576274]
 [-1643.40591425]]"
438,4th,"(540, 229)","(651, 220)","(595, 224)","(604, 327)","(539, 389)","[[ 0.0173195 ]
 [-2.90284869]
 [ 0.46243073]]","[[ -746.9770645 ]
 [  -10.40210745]
 [-1664.70323664]]"
439,4th,"(543, 242)","(681, 237)","(612, 239)","(612, 336)","(597, 547)","[[-2.89124547]
 [ 0.14005041]
 [ 0.68514683]]","[[ 701.9911947 ]
 [  35.87192737]
 [1463.01173266]]"
440,4th,"(544, 244)","(675, 240)","(609, 242)","(609, 340)","(556, 401)","[[-0.07826067]
 [ 3.34746944]
 [-0.55236299]]","[[ -770.60807304]
 [  -45.19129935]
 [-1669.2094463 ]]"
441,4th,"(545, 249)","(679, 243)","(612, 246)","(613, 341)","(594, 540)","[[-2.88876922]
 [ 0.13379196]
 [ 0.69133971]]","[[ 728.03519362]
 [  48.14643948]
 [1514.07677642]]"
442,4th,"(547, 238)","(663, 230)","(605, 234)","(608, 334)","(477, 370)","[[-0.02717815]
 [-3.1657693 ]
 [ 0.35362225]]","[[ -738.71576408]
 [  -24.77255873]
 [-1669.41023308]]"
443,4th,"(541, 234)","(661, 225)","(601, 229)","(599, 329)","(470, 357)","[[-0.02615789]
 [-3.17975218]
 [ 0.29123321]]","[[ -720.77243056]
 [   -9.54605943]
 [-1665.50189545]]"
444,4th,"(479, 208)","(640, 194)","(559, 201)","(540, 310)","(198, 681)","[[-2.66045687]
 [ 0.14340049]
 [ 0.89340289]]","[[ 468.44937399]
 [ -13.53603874]
 [1301.90160795]]"
445,1st,"(447, 199)","(572, 181)","(509, 190)","(470, 289)","(288, 270)","[[-0.24777654]
 [-3.60198205]
 [-0.19449694]]","[[ -370.7986613 ]
 [   85.54925745]
 [-1447.71645036]]"
